type,latitude_df1,longitude_df1,utm_zone,utm_easting,utm_northing,altitude
T,29.2288076,80.23475297,44R,425628.6,3233578.5,814.3
T,29.22902874,80.22470357,44R,424652,3233609.4,646.6
T,29.22932266,80.21130731,44R,423350.3,3233650.7,765
T,29.23128832,79.63908328,44R,367736.4,3234378,1257.1
T,29.2316676,79.65562523,44R,369344.7,3234401.5,1131.2
T,29.23212,79.67546016,44R,371273.2,3234429.7,948.4
T,29.23260491,80.19460033,44R,421729,3234025.4,1086.8
T,29.23260491,80.19460033,44R,421729,3234025.4,1086.8
T,29.23260491,80.19460033,44R,421729,3234025.4,1086.8
T,29.23260491,80.19460033,44R,421729,3234025.4,1086.8
T,29.23260491,80.19460033,44R,421729,3234025.4,1086.8
T,29.23260491,80.19460033,44R,421729,3234025.4,1086.8
T,29.23406347,79.62583526,44R,366452.3,3234700.5,1225
T,29.23837454,79.68869208,44R,372567,3235108.3,1034.6
T,29.23837454,79.68869208,44R,372567,3235108.3,1034.6
T,29.2401692,79.60589025,44R,364521.8,3235400,971.1
T,29.24039398,80.24484972,44R,426618.1,3234855.9,1331.5
T,29.24755607,79.70193286,44R,373865.1,3236111.4,1747.9
T,29.24755607,79.70193286,44R,373865.1,3236111.4,1747.9
T,29.24755607,79.70193286,44R,373865.1,3236111.4,1747.9
T,29.24757659,80.18130951,44R,420448.9,3235693.2,1467.1
T,29.24757659,80.18130951,44R,420448.9,3235693.2,1467.1
T,29.24757659,80.18130951,44R,420448.9,3235693.2,1467.1
T,29.24757659,80.18130951,44R,420448.9,3235693.2,1467.1
T,29.24757659,80.18130951,44R,420448.9,3235693.2,1467.1
T,29.24757659,80.18130951,44R,420448.9,3235693.2,1467.1
T,29.24757659,80.18130951,44R,420448.9,3235693.2,1467.1
T,29.24757659,80.18130951,44R,420448.9,3235693.2,1467.1
T,29.24757659,80.18130951,44R,420448.9,3235693.2,1467.1
T,29.24757659,80.18130951,44R,420448.9,3235693.2,1467.1
T,29.24757659,80.18130951,44R,420448.9,3235693.2,1467.1
T,29.24757659,80.18130951,44R,420448.9,3235693.2,1467.1
T,29.24757659,80.18130951,44R,420448.9,3235693.2,1467.1
T,29.24757659,80.18130951,44R,420448.9,3235693.2,1467.1
T,29.24757659,80.18130951,44R,420448.9,3235693.2,1467.1
T,29.24757659,80.18130951,44R,420448.9,3235693.2,1467.1
T,29.24757659,80.18130951,44R,420448.9,3235693.2,1467.1
T,29.24757659,80.18130951,44R,420448.9,3235693.2,1467.1
T,29.24757659,80.18130951,44R,420448.9,3235693.2,1467.1
T,29.24757659,80.18130951,44R,420448.9,3235693.2,1467.1
T,29.24757659,80.18130951,44R,420448.9,3235693.2,1467.1
T,29.24757659,80.18130951,44R,420448.9,3235693.2,1467.1
T,29.24757659,80.18130951,44R,420448.9,3235693.2,1467.1
T,29.24757659,80.18130951,44R,420448.9,3235693.2,1467.1
T,29.24757659,80.18130951,44R,420448.9,3235693.2,1467.1
T,29.24757659,80.18130951,44R,420448.9,3235693.2,1467.1
T,29.24757659,80.18130951,44R,420448.9,3235693.2,1467.1
T,29.24757659,80.18130951,44R,420448.9,3235693.2,1467.1
T,29.24757659,80.18130951,44R,420448.9,3235693.2,1467.1
T,29.24757659,80.18130951,44R,420448.9,3235693.2,1467.1
T,29.24757659,80.18130951,44R,420448.9,3235693.2,1467.1
T,29.24757659,80.18130951,44R,420448.9,3235693.2,1467.1
T,29.24757659,80.18130951,44R,420448.9,3235693.2,1467.1
T,29.24757659,80.18130951,44R,420448.9,3235693.2,1467.1
T,29.24757659,80.18130951,44R,420448.9,3235693.2,1467.1
T,29.24757659,80.18130951,44R,420448.9,3235693.2,1467.1
T,29.24757659,80.18130951,44R,420448.9,3235693.2,1467.1
T,29.24757659,80.18130951,44R,420448.9,3235693.2,1467.1
T,29.24757659,80.18130951,44R,420448.9,3235693.2,1467.1
T,29.24757659,80.18130951,44R,420448.9,3235693.2,1467.1
T,29.24757659,80.18130951,44R,420448.9,3235693.2,1467.1
T,29.24757659,80.18130951,44R,420448.9,3235693.2,1467.1
T,29.24757659,80.18130951,44R,420448.9,3235693.2,1467.1
T,29.24757659,80.18130951,44R,420448.9,3235693.2,1467.1
T,29.24757659,80.18130951,44R,420448.9,3235693.2,1467.1
T,29.24757659,80.18130951,44R,420448.9,3235693.2,1467.1
T,29.24757659,80.18130951,44R,420448.9,3235693.2,1467.1
T,29.24757659,80.18130951,44R,420448.9,3235693.2,1467.1
T,29.24757659,80.18130951,44R,420448.9,3235693.2,1467.1
T,29.24757659,80.18130951,44R,420448.9,3235693.2,1467.1
T,29.24757659,80.18130951,44R,420448.9,3235693.2,1467.1
T,29.24757659,80.18130951,44R,420448.9,3235693.2,1467.1
T,29.24757659,80.18130951,44R,420448.9,3235693.2,1467.1
T,29.24757659,80.18130951,44R,420448.9,3235693.2,1467.1
T,29.24757659,80.18130951,44R,420448.9,3235693.2,1467.1
T,29.25222752,79.58929481,44R,362925,3236755.5,758.7
T,29.25369268,79.71517173,44R,375159.1,3236777.2,2082.8
T,29.25369268,79.71517173,44R,375159.1,3236777.2,2082.8
T,29.25369268,79.71517173,44R,375159.1,3236777.2,2082.8
T,29.25369268,79.71517173,44R,375159.1,3236777.2,2082.8
T,29.25665672,80.16798889,44R,419161.7,3236708.4,1125.3
T,29.25780671,80.25832184,44R,427939.5,3236776.9,1607.7
T,29.26127111,79.5760196,44R,361647.1,3237773.2,795.1
T,29.26854829,80.16136958,44R,418527.9,3238030.6,1448
T,29.26946159,80.26506976,44R,428603.3,3238064.1,1389.4
T,29.27148064,79.73180652,44R,376796.9,3238730.7,1216.3
T,29.27628058,79.56276886,44R,360380,3239452.2,1196.3
T,29.27628058,79.56276886,44R,360380,3239452.2,1196.3
T,29.28126073,80.26511532,44R,428615.9,3239371.5,1107.1
T,29.28336309,80.15477343,44R,417899,3239676.7,1577.4
T,29.29182033,79.74854708,44R,378447.4,3240967.1,1003.5
T,29.2943465,79.54620204,44R,358795.2,3241474.1,564.2
T,29.29585905,80.27187658,44R,429282.7,3240984.9,824.2
T,29.29766036,79.75190208,44R,378780.2,3241610.7,993.3
T,29.29812539,80.14820512,44R,417272.8,3241317,1572.7
T,29.3034068,79.53625657,44R,357841.7,3242490.1,646.9
T,29.31049961,80.27530242,44R,429625.5,3242605,530.4
T,29.31545101,79.52632527,44R,356893.9,3243836.9,668.2
T,29.31802808,79.76532046,44R,380107.4,3243853.8,1559.2
T,29.31875947,80.14166881,44R,416654.7,3243608,1941.9
T,29.32226076,80.27536617,44R,429639.8,3243908.1,1192.3
T,29.32452797,79.51306189,44R,355618.5,3244859.1,874.8
T,29.33252715,79.77207912,44R,380780.6,3245453.6,1506.8
T,29.33351109,80.13510062,44R,416029,3245247.2,1656.8
T,29.33401942,80.2754301,44R,429654,3245210.9,898.4
T,29.34258281,79.49651623,44R,354037.5,3246880.4,1001.1
T,29.3441337,79.7754955,44R,381125.8,3246736.2,1773.6
T,29.34846376,80.12840945,44R,415391.7,3246908.8,1633.1
T,29.34846376,80.12840945,44R,415391.7,3246908.8,1633.1
T,29.34846376,80.12840945,44R,415391.7,3246908.8,1633.1
T,29.34846376,80.12840945,44R,415391.7,3246908.8,1633.1
T,29.34846376,80.12840945,44R,415391.7,3246908.8,1633.1
T,29.34846376,80.12840945,44R,415391.7,3246908.8,1633.1
T,29.34846376,80.12840945,44R,415391.7,3246908.8,1633.1
T,29.34846376,80.12840945,44R,415391.7,3246908.8,1633.1
T,29.34846376,80.12840945,44R,415391.7,3246908.8,1633.1
T,29.34846376,80.12840945,44R,415391.7,3246908.8,1633.1
T,29.34846376,80.12840945,44R,415391.7,3246908.8,1633.1
T,29.34846376,80.12840945,44R,415391.7,3246908.8,1633.1
T,29.34846376,80.12840945,44R,415391.7,3246908.8,1633.1
T,29.34846376,80.12840945,44R,415391.7,3246908.8,1633.1
T,29.34846376,80.12840945,44R,415391.7,3246908.8,1633.1
T,29.34846376,80.12840945,44R,415391.7,3246908.8,1633.1
T,29.34846376,80.12840945,44R,415391.7,3246908.8,1633.1
T,29.34846376,80.12840945,44R,415391.7,3246908.8,1633.1
T,29.34846376,80.12840945,44R,415391.7,3246908.8,1633.1
T,29.34846376,80.12840945,44R,415391.7,3246908.8,1633.1
T,29.34846376,80.12840945,44R,415391.7,3246908.8,1633.1
T,29.34846376,80.12840945,44R,415391.7,3246908.8,1633.1
T,29.34846376,80.12840945,44R,415391.7,3246908.8,1633.1
T,29.34846376,80.12840945,44R,415391.7,3246908.8,1633.1
T,29.34846376,80.12840945,44R,415391.7,3246908.8,1633.1
T,29.34846376,80.12840945,44R,415391.7,3246908.8,1633.1
T,29.34846376,80.12840945,44R,415391.7,3246908.8,1633.1
T,29.34846376,80.12840945,44R,415391.7,3246908.8,1633.1
T,29.34846376,80.12840945,44R,415391.7,3246908.8,1633.1
T,29.34846376,80.12840945,44R,415391.7,3246908.8,1633.1
T,29.34846376,80.12840945,44R,415391.7,3246908.8,1633.1
T,29.34846376,80.12840945,44R,415391.7,3246908.8,1633.1
T,29.34846376,80.12840945,44R,415391.7,3246908.8,1633.1
T,29.34846376,80.12840945,44R,415391.7,3246908.8,1633.1
T,29.34846376,80.12840945,44R,415391.7,3246908.8,1633.1
T,29.34846376,80.12840945,44R,415391.7,3246908.8,1633.1
T,29.34846376,80.12840945,44R,415391.7,3246908.8,1633.1
T,29.34846376,80.12840945,44R,415391.7,3246908.8,1633.1
T,29.34846376,80.12840945,44R,415391.7,3246908.8,1633.1
T,29.34846376,80.12840945,44R,415391.7,3246908.8,1633.1
T,29.34846376,80.12840945,44R,415391.7,3246908.8,1633.1
T,29.34846376,80.12840945,44R,415391.7,3246908.8,1633.1
T,29.34846376,80.12840945,44R,415391.7,3246908.8,1633.1
T,29.34846376,80.12840945,44R,415391.7,3246908.8,1633.1
T,29.34846376,80.12840945,44R,415391.7,3246908.8,1633.1
T,29.34846376,80.12840945,44R,415391.7,3246908.8,1633.1
T,29.34846376,80.12840945,44R,415391.7,3246908.8,1633.1
T,29.34846376,80.12840945,44R,415391.7,3246908.8,1633.1
T,29.34846376,80.12840945,44R,415391.7,3246908.8,1633.1
T,29.34846376,80.12840945,44R,415391.7,3246908.8,1633.1
T,29.34846376,80.12840945,44R,415391.7,3246908.8,1633.1
T,29.34846376,80.12840945,44R,415391.7,3246908.8,1633.1
T,29.34846376,80.12840945,44R,415391.7,3246908.8,1633.1
T,29.34846376,80.12840945,44R,415391.7,3246908.8,1633.1
T,29.34846376,80.12840945,44R,415391.7,3246908.8,1633.1
T,29.34846376,80.12840945,44R,415391.7,3246908.8,1633.1
T,29.34846376,80.12840945,44R,415391.7,3246908.8,1633.1
T,29.34871333,80.27550971,44R,429671.9,3246839,602.4
T,29.36028417,80.27570047,44R,429698.3,3248121,432.1
T,29.36032888,80.12179311,44R,414759.3,3248228.4,1460.6
T,29.36051647,78.88024364,44R,294231.8,3249795.6,278
T,29.36057712,78.90360824,44R,296500.5,3249761.4,277
T,29.36061006,78.9169582,44R,297796.8,3249741.9,282.2
T,29.36062781,78.93363652,44R,299416.2,3249715.1,279.8
T,29.36064483,78.95031466,44R,301035.5,3249688.4,279.2
T,29.36150439,79.78228859,44R,381805.4,3248654.2,1924.7
T,29.36337318,79.48000797,44R,352464.6,3249205.1,1620.8
T,29.3663573,78.86692177,44R,292950.2,3250466.6,269.9
T,29.36651964,78.96368279,44R,302344.8,3250316.9,281.3
T,29.36925848,78.85358363,44R,291661.1,3250811.9,275.3
T,29.37214623,79.47009628,44R,351515.1,3250189.9,1589
T,29.37305105,79.78572474,44R,382152.2,3249930.2,1568
T,29.37532361,78.97706429,44R,303660.9,3251270.1,281.2
T,29.3772143,80.27959318,44R,430087.7,3249994.5,565.4
T,29.37773139,80.1187031,44R,414473.9,3250158.9,1480.4
T,29.37802488,78.83693622,44R,290062.8,3251813.4,273
T,29.38094179,79.46018155,44R,350565.6,3251177.2,1945.4
T,29.38387085,78.82694992,44R,289105.4,3252479.3,270
T,29.38412451,78.99044581,44R,304976.7,3252223.1,294.5
T,29.38412451,78.99044581,44R,304976.7,3252223.1,294.5
T,29.38412451,78.99044581,44R,304976.7,3252223.1,294.5
T,29.38412451,78.99044581,44R,304976.7,3252223.1,294.5
T,29.38412451,78.99044581,44R,304976.7,3252223.1,294.5
T,29.38412451,78.99044581,44R,304976.7,3252223.1,294.5
T,29.38823435,78.51274464,44R,258612.7,3253572,232.8
T,29.38833268,78.52947309,44R,260237,3253548.4,237
T,29.38843101,78.54620058,44R,261861.1,3253525.1,244
T,29.38855494,78.56627786,44R,263810.5,3253498,242.9
T,29.38970575,78.8136239,44R,287823.9,3253150.2,261
T,29.39104065,78.49267264,44R,256670.8,3253924.8,236
T,29.39157584,78.57967613,44R,265118.1,3253805.8,245.9
T,29.39260921,79.45360778,44R,349944.7,3252478.6,1974.6
T,29.39260921,79.45360778,44R,349944.7,3252478.6,1974.6
T,29.39681192,78.47929518,44R,255385.9,3254592.6,236.5
T,29.39705219,80.28023219,44R,430163.3,3252192.2,639.1
T,29.39754666,78.59642864,44R,266758,3254434,233
T,29.3980865,80.11231102,44R,413870.7,3252419,1691.2
T,29.39846583,78.79697266,44R,286225.9,3254151.6,263.4
T,29.39878266,79.00385434,44R,306306,3253825.3,306.2
T,29.40134014,78.78361956,44R,284935.9,3254494.7,259.2
T,29.4026029,78.46926271,44R,254425.9,3255255.6,238.2
T,29.40354416,78.6165318,44R,268723,3255058.8,226.5
T,29.40361462,78.62657539,44R,269698,3255046.7,225.3
T,29.40421643,79.44371459,44R,349001.7,3253777.7,2451.7
T,29.40481736,79.79268823,44R,382864.5,3253443.2,1608
T,29.40681868,80.10909298,44R,413565.9,3253389,1957.6
T,29.41141026,80.60935398,44R,462102.6,3253631.2,1728.1
T,29.41166158,80.59268235,44R,460485.3,3253664.6,1968.4
T,29.41191051,80.57601134,44R,458868.1,3253697.9,1933.4
T,29.41215771,80.55934086,44R,457251,3253731.3,1687.2
T,29.41254909,78.65002533,44R,271994.1,3255991,228.2
T,29.41302025,78.77364213,44R,283992.2,3255807.8,261.7
T,29.41343457,79.01392807,44R,307311.4,3255432.6,319
T,29.41414685,80.62270467,44R,463398.8,3253930.1,2026.5
T,29.41430842,78.46927804,44R,254455.6,3256553.2,239.3
T,29.4152925,80.5460177,44R,455959.8,3254083.6,1933.5
T,29.41558399,80.52601468,44R,454019.5,3254123.6,1596
T,29.41577692,80.51267962,44R,452725.9,3254150.3,1359.6
T,29.41714257,80.28069783,44R,430222.2,3254418,1133.6
T,29.41852943,78.67011832,44R,273957.4,3256614.8,231.4
T,29.41880112,78.75695219,44R,282384.8,3256479.6,254.3
T,29.41903816,80.49594769,44R,451104.3,3254518.6,1110.5
T,29.41982594,80.63606261,44R,464696.6,3254555.3,2007.9
T,29.42162023,79.43052991,44R,347748.3,3255723.5,2001.6
T,29.42233199,80.47918761,44R,449480.1,3254890.7,910.7
T,29.42448492,78.68686362,44R,275595.6,3257242.6,237
T,29.42503742,79.79621624,44R,383229.9,3255680.3,1883.3
T,29.42749965,78.71025882,44R,277872.4,3257531.9,240.1
T,29.4280811,79.02066683,44R,307992.9,3257044.8,497.1
T,29.42849349,80.64609763,44R,465672.9,3255512.6,1837.6
T,29.42855914,80.46244477,44R,447859.2,3255588,1254.4
T,29.4300635,80.10273859,44R,412969.2,3255969.4,1847.3
T,29.4304566,78.72362055,44R,279175.4,3257834.3,243
T,29.4305478,78.74367538,44R,281121.6,3257806.5,251.7
T,29.43186372,78.46930091,44R,254500.1,3258499.2,239.4
T,29.4332222,79.42062943,44R,346805.1,3257022.2,2251.2
T,29.4332222,79.42062943,44R,346805.1,3257022.2,2251.2
T,29.4332222,79.42062943,44R,346805.1,3257022.2,2251.2
T,29.43416974,80.65945429,44R,466970.3,3256137.7,1754.4
T,29.43471218,80.44905916,44R,446564,3256275.8,1716.2
T,29.43639109,78.74035514,44R,280812,3258460.5,249
T,29.43927484,78.73033851,44R,279846.3,3258799,249
T,29.43932306,78.75703933,44R,282437,3258754.2,258.3
T,29.43947595,79.7996862,44R,383583,3257276.8,2100.3
T,29.43999615,80.66281092,44R,467297.8,3256782.3,1971.9
T,29.44045792,80.2809699,44R,430264.5,3257001.3,805.3
T,29.44087907,80.42907754,44R,444629.3,3256968.4,1881.9
T,29.44168601,80.09956014,44R,412670.8,3257259.6,1701.5
T,29.44233632,78.77376766,44R,284066.4,3259057,266.5
T,29.44360641,78.47601098,44R,255179.4,3259786.9,240.4
T,29.44381279,80.4093374,44R,442716.4,3257303,1405.4
T,29.44509394,78.7136687,44R,278241.6,3259475.6,240.7
T,29.44509394,78.7136687,44R,278241.6,3259475.6,240.7
T,29.44509394,78.7136687,44R,278241.6,3259475.6,240.7
T,29.44536221,78.79383683,44R,286019.9,3259355.4,274.5
T,29.44772567,79.41074311,44R,345868,3258642.5,2054.6
T,29.44836966,78.81056113,44R,287648.7,3259658.1,281
T,29.44857873,79.02409795,44R,308364.3,3259310.9,492.6
T,29.4524883,80.38643041,44R,440499.9,3258275.8,1707.3
T,29.45385894,78.70702074,44R,277615.7,3260459.9,240
T,29.45431906,78.83063809,44R,289608.7,3260281.1,289.5
T,29.45532874,78.47937505,44R,255534,3261079.3,241.8
T,29.45534439,80.37332703,44R,439230.9,3258599,1622.8
T,29.45619906,80.09642245,44R,412378.9,3258870.1,1309.2
T,29.4568221,79.79986525,44R,383620.2,3259198.8,1990.2
T,29.4568221,79.79986525,44R,383620.2,3259198.8,1990.2
T,29.4568221,79.79986525,44R,383620.2,3259198.8,1990.2
T,29.4568221,79.79986525,44R,383620.2,3259198.8,1990.2
T,29.4568221,79.79986525,44R,383620.2,3259198.8,1990.2
T,29.4568221,79.79986525,44R,383620.2,3259198.8,1990.2
T,29.4568221,79.79986525,44R,383620.2,3259198.8,1990.2
T,29.4568221,79.79986525,44R,383620.2,3259198.8,1990.2
T,29.4568221,79.79986525,44R,383620.2,3259198.8,1990.2
T,29.4568221,79.79986525,44R,383620.2,3259198.8,1990.2
T,29.4568221,79.79986525,44R,383620.2,3259198.8,1990.2
T,29.4568221,79.79986525,44R,383620.2,3259198.8,1990.2
T,29.4568221,79.79986525,44R,383620.2,3259198.8,1990.2
T,29.4568221,79.79986525,44R,383620.2,3259198.8,1990.2
T,29.4568221,79.79986525,44R,383620.2,3259198.8,1990.2
T,29.4568221,79.79986525,44R,383620.2,3259198.8,1990.2
T,29.4568221,79.79986525,44R,383620.2,3259198.8,1990.2
T,29.4568221,79.79986525,44R,383620.2,3259198.8,1990.2
T,29.4568221,79.79986525,44R,383620.2,3259198.8,1990.2
T,29.45733455,78.85069971,44R,291561,3260579.3,313.9
T,29.46031327,78.86740867,44R,293187.9,3260879.6,537
T,29.46110894,80.36025547,44R,437966.8,3259244.6,1511.6
T,29.46112861,80.277695,44R,429961.1,3259293.6,573.1
T,29.46223088,79.40417859,44R,345253.3,3260258.7,2196.1
T,29.4632798,78.88077744,44R,294490.6,3261184.8,462.5
T,29.46549882,78.6970179,44R,276670.8,3261769.2,239.2
T,29.46624474,78.89414544,44R,295793.2,3261489.9,549.8
T,29.46656663,78.40572547,44R,248416.2,3262482,250.4
T,29.46665313,78.41912131,44R,249716,3262462.7,248.8
T,29.46675937,78.43586456,44R,251340.5,3262438.6,248.1
T,29.46683438,80.33731081,44R,435745.5,3259891.5,1047.9
T,29.46686333,78.45260632,44R,252964.9,3262414.5,247
T,29.46696776,78.46934809,44R,254589.2,3262390.6,243.1
T,29.46711721,78.49278939,44R,256863.5,3262358,243
T,29.46721195,78.5061913,44R,258163.8,3262340.5,253.3
T,29.46910089,79.02420361,44R,308413.2,3261585.3,535.5
T,29.46921553,78.91085055,44R,297419.4,3261790,433.9
T,29.46923708,78.92086371,44R,298390.6,3261775,551
T,29.46927586,78.37556894,44R,245497.5,3262847.9,249
T,29.46937516,78.38897603,44R,246798.3,3262829.7,249.7
T,29.46937516,78.38897603,44R,246798.3,3262829.7,249.7
T,29.47002103,78.48944529,44R,256546.1,3262686.9,243
T,29.47023261,78.51959929,44R,259471.6,3262647.6,254
T,29.4703472,78.53634848,44R,261096.6,3262625.8,258.1
T,29.47070345,80.09328915,44R,412087.6,3260479.6,1233.1
T,29.47215371,78.94755161,44R,300984.8,3262052.3,465.3
T,29.4721763,78.3722194,44R,245179.8,3263176.8,252.7
T,29.47336416,78.54975377,44R,262404,3262932.8,265.8
T,29.47345309,78.56315018,44R,263703.6,3262915.3,271.8
T,29.47356207,78.57989407,44R,265328,3262893.5,268.7
T,29.47505447,78.97090038,44R,303254.9,3262334.1,475.1
T,29.47547003,80.3143857,44R,433528.3,3260861.2,701.6
T,29.47661606,78.59999158,44R,267284.4,3263191.7,255.8
T,29.47669952,78.61338312,44R,268583.5,3263174.2,237.9
T,29.47706027,79.80007413,44R,383663.6,3261441.2,1581.9
T,29.47715427,78.69035779,44R,276050.4,3263074,242
T,29.47794525,78.9975829,44R,305848.1,3262609.7,531.3
T,29.47963586,79.3943034,44R,344322.1,3262200.7,1990.4
T,29.47970742,78.62678159,44R,269889.9,3263481.1,240.6
T,29.47982775,78.64686394,44R,271837.9,3263454.9,233.1
T,29.48084889,79.01426557,44R,307471.5,3262903.8,526.6
T,29.48157508,80.29110895,44R,431275.6,3261551.2,591.7
T,29.48177856,78.49617432,44R,257226.9,3263976.2,254.1
T,29.48183074,80.27108315,44R,429334.3,3261591.5,726.8
T,29.48288951,78.67029867,44R,274117.6,3263748.5,237.6
T,29.48373097,79.04094926,44R,310064.5,3263179.4,592
T,29.48375019,79.0309487,44R,309094.8,3263197.9,582.1
T,29.483763,79.02428178,44R,308448.3,3263210.2,572.2
T,29.48515034,80.09019036,44R,411799.6,3262082.8,1040.4
T,29.48594675,78.69372971,44R,276396.8,3264042.1,243.2
T,29.48602557,78.70711511,44R,277695.1,3264025.2,245.4
T,29.48663051,79.06096883,44R,312011.2,3263468.2,546.7
T,29.4877193,80.27110139,44R,429340.2,3262243.9,861.3
T,29.48902448,78.72050624,44R,279000.3,3264332.1,246.4
T,29.48909342,78.74055356,44R,280944.6,3264301.8,256
T,29.48915183,78.76059466,44R,282888.2,3264270.7,268.1
T,29.48955273,79.08433121,44R,314282,3263754.6,705.8
T,29.48956309,79.10768258,44R,316546.3,3263718.6,779.5
T,29.48962161,79.13104362,44R,318811.6,3263688.5,581.3
T,29.49172146,78.68036351,44R,275113.3,3264708,237.4
T,29.49212773,78.77063783,44R,283868.5,3264581.9,318
T,29.49265114,78.37223667,44R,245232.7,3265446.6,249.5
T,29.49274351,79.15111128,44R,320762.9,3264003.4,479.5
T,29.49355657,78.50625397,44R,258232.5,3265260.8,255.3
T,29.49377565,80.25777028,44R,428052.1,3262923.2,1419.1
T,29.49414352,79.3877335,44R,343707.3,3263817.3,1843.3
T,29.49516334,78.79405253,44R,286145.5,3264875,346.8
T,29.49548972,79.02434416,44R,308476.4,3264509.8,639.2
T,29.49597795,79.16785982,44R,322392.5,3264336.2,640.3
T,29.49729969,79.80028309,44R,383706.9,3263683.8,1299
T,29.4981943,78.81746351,44R,288421.9,3265168.2,571.7
T,29.49921612,79.1845997,44R,324021.2,3264669.6,743.8
T,29.4995476,79.20464863,44R,325965.5,3264676.2,1127.8
T,29.49987102,80.24110258,44R,426440.8,3263609,1591.3
T,29.50119268,78.83418701,44R,290049.7,3265470.2,674.2
T,29.50289609,79.22804325,44R,328239.3,3265012.5,1199.4
T,29.50340116,78.67705303,44R,274818.1,3266009.1,247.7
T,29.50340116,78.67705303,44R,274818.1,3266009.1,247.7
T,29.50340116,78.67705303,44R,274818.1,3266009.1,247.7
T,29.50340116,78.67705303,44R,274818.1,3266009.1,247.7
T,29.50340116,78.67705303,44R,274818.1,3266009.1,247.7
T,29.50340116,78.67705303,44R,274818.1,3266009.1,247.7
T,29.50340116,78.67705303,44R,274818.1,3266009.1,247.7
T,29.50340116,78.67705303,44R,274818.1,3266009.1,247.7
T,29.50340116,78.67705303,44R,274818.1,3266009.1,247.7
T,29.50340116,78.67705303,44R,274818.1,3266009.1,247.7
T,29.50340116,78.67705303,44R,274818.1,3266009.1,247.7
T,29.50340116,78.67705303,44R,274818.1,3266009.1,247.7
T,29.50340116,78.67705303,44R,274818.1,3266009.1,247.7
T,29.50340116,78.67705303,44R,274818.1,3266009.1,247.7
T,29.50340116,78.67705303,44R,274818.1,3266009.1,247.7
T,29.50340116,78.67705303,44R,274818.1,3266009.1,247.7
T,29.50340116,78.67705303,44R,274818.1,3266009.1,247.7
T,29.50340116,78.67705303,44R,274818.1,3266009.1,247.7
T,29.50340116,78.67705303,44R,274818.1,3266009.1,247.7
T,29.50340116,78.67705303,44R,274818.1,3266009.1,247.7
T,29.50340116,78.67705303,44R,274818.1,3266009.1,247.7
T,29.50424175,78.86427403,44R,292973.2,3265754.2,426.6
T,29.50533122,78.51633421,44R,259238,3266545.2,255.2
T,29.50540669,80.08384654,44R,411202.3,3264332.1,1342.9
T,29.50592867,79.38780047,44R,343731.9,3265123.3,1580.5
T,29.50608624,80.21442587,44R,423859.6,3264314.8,2038.8
T,29.50618388,79.24808275,44R,330187.6,3265347.5,1650
T,29.50650314,79.26808604,44R,332127.4,3265353.8,1854.8
T,29.50658735,79.30468288,44R,335675.4,3265310.9,2033.6
T,29.50673769,79.28474192,44R,333742.5,3265355.9,1651.4
T,29.50866219,79.41775109,44R,346639.5,3265386.4,1362.6
T,29.50866762,79.43770301,44R,348573.6,3265360.8,846.2
T,29.50879182,79.39779409,44R,344705.1,3265427.2,1906.8
T,29.50892881,79.3811659,44R,343093.4,3265464.7,1823
T,29.50906385,79.36453954,44R,341481.9,3265502.2,1745
T,29.50922286,79.3445906,44R,339548.3,3265547.2,1867.7
T,29.50937885,79.32464438,44R,337614.9,3265592.2,2422.4
T,29.51013884,79.02775589,44R,308834.8,3266127.8,808.8
T,29.510185,78.88768709,44R,295255.2,3266371.5,513.4
T,29.51019716,78.37225106,44R,245278.1,3267391.7,253.4
T,29.51023408,78.90104899,44R,296550.8,3266353.5,485.4
T,29.51103464,79.51422735,44R,355995,3265525.9,1016.8
T,29.51121214,79.49426371,44R,354060.1,3265570.5,1395.7
T,29.51138669,79.4743028,44R,352125.5,3265615,887.4
T,29.51144411,79.46764972,44R,351480.6,3265629.9,926.6
T,29.51157019,79.45102029,44R,349868.9,3265665.2,1009.3
T,29.5120522,80.20777113,44R,423219.1,3264980.3,2273.9
T,29.51225433,80.19108812,44R,421602.3,3265013.8,2355.6
T,29.51315325,78.97776847,44R,303994.4,3266545.2,586.2
T,29.51317713,78.96110116,44R,302378.6,3266576.1,514.3
T,29.51320284,78.9411006,44R,300439.7,3266613.1,574.5
T,29.5132047,78.9177564,44R,298176.5,3266653.6,541
T,29.51372516,79.53754146,44R,358258.7,3265795.4,1537.6
T,29.51413194,78.51970604,44R,259585.8,3267513.8,260.9
T,29.51503477,80.20444458,44R,422898.9,3265313,2274.7
T,29.51598707,79.03445433,44R,309495.1,3266765,974.2
T,29.51601224,79.02111995,44R,308202.5,3266789.8,935.2
T,29.51604145,79.00445213,44R,306586.8,3266820.6,892.7
T,29.51606839,78.98778448,44R,304971,3266851.4,697.8
T,29.51634991,79.56751748,44R,361167.9,3266050.1,1186.8
T,29.51653507,79.54754604,44R,359232.3,3266094.7,1712.9
T,29.51754013,79.80049218,44R,383750.3,3265926.4,1366.1
T,29.51798466,78.67040386,44R,274205.7,3267638.5,254.1
T,29.51880001,79.09447933,44R,315319.1,3266979.9,566.5
T,29.51884231,79.07114007,44R,313056.7,3267021.9,717.2
T,29.5188776,79.05447188,44R,311441,3267052.8,770.2
T,29.51906359,79.5875126,44R,363109.6,3266327.1,1539.8
T,29.51990382,80.07740478,44R,410590.6,3265943.4,570
T,29.5207353,79.37790796,44R,342795.8,3266777.5,1815.6
T,29.52172875,79.10450235,44R,316296,3267288.6,486.7
T,29.52180639,79.60418155,44R,364728.9,3266611.6,1304.6
T,29.52189245,78.37226022,44R,245308.3,3268688.3,257.5
T,29.52307422,80.26787319,44R,429051.9,3266163.4,1468.3
T,29.52414035,80.18111822,44R,420645.3,3266337.6,1693.7
T,29.52454769,79.620853,44R,366348.3,3266896.1,1457.5
T,29.5247902,79.02783405,44R,308869.9,3267751.6,842.5
T,29.5249852,79.12794772,44R,318574.5,3267612.7,909.6
T,29.52526132,79.144684,44R,320197.2,3267617.3,608.7
T,29.52585656,78.52308527,44R,259941.1,3268806.5,262
T,29.52715515,79.66414361,44R,370547.3,3267136,1307.1
T,29.52720065,80.17111904,44R,419678.7,3266683.6,1544.1
T,29.52730226,79.64084906,44R,368289.9,3267178.5,1524.8
T,29.52855544,79.16477906,44R,322150.8,3267951.5,908.4
T,29.52871801,79.17480884,44R,323123.2,3267954.2,765
T,29.52914755,79.20153773,44R,325714.7,3267961.4,723.3
T,29.52936012,79.21489277,44R,327009.5,3267965,643.4
T,29.52972856,79.23824961,44R,329273.9,3267971.3,740.5
T,29.5298142,79.70077389,44R,374100.6,3267390.4,1297.8
T,29.52992455,79.68413443,44R,372488.1,3267420.8,1422.6
T,29.53256371,78.66375291,44R,273593.4,3269267.5,264.3
T,29.53256371,78.66375291,44R,273593.4,3269267.5,264.3
T,29.53260251,79.71743882,44R,375719,3267681.5,1567.5
T,29.53285329,79.25160296,44R,330573.4,3268298,1200.6
T,29.53305374,79.26493439,44R,331865.8,3268300.9,1037
T,29.53346075,80.14109436,44R,416774.2,3267398.4,1080.6
T,29.53355598,80.13441091,44R,416126.6,3267413.7,1198.2
T,29.53439653,80.0742747,44R,410300.1,3267551.8,892.1
T,29.53538924,79.73410351,44R,377337.3,3267972.6,1880.8
T,29.53541479,79.37134171,44R,342182.2,3268413.3,1411.7
T,29.53611136,79.27826935,44R,333163.2,3268620.5,1378
T,29.53650482,78.37226784,44R,245345.7,3270308.2,254.3
T,29.53675813,80.11438658,44R,414189,3267783.2,691.3
T,29.53817376,79.75076907,44R,378955.6,3268263.7,1835.5
T,29.54068803,79.80404549,44R,384121.1,3268488,1383
T,29.54170087,79.3015573,44R,335429.2,3269206.8,1309.4
T,29.5428292,80.09772959,44R,412580.1,3268468.3,728.9
T,29.5434513,78.53316395,44R,260959.7,3270736.1,266.4
T,29.54385706,79.76746101,44R,380579.8,3268876.2,1632.6
T,29.54421741,78.66042619,44R,273296.9,3270565.8,279.2
T,29.54421741,78.66042619,44R,273296.9,3270565.8,279.2
T,29.54588644,80.0877314,44R,411614,3268814.6,795.8
T,29.54698434,79.36475307,44R,341561.7,3269704.4,1074.9
T,29.54733629,79.31820392,44R,337051.5,3269807.8,886.2
T,29.54836534,79.02800736,44R,308931.1,3270364.2,576.9
T,29.54903417,80.07105304,44R,410000.9,3269176.2,1019.4
T,29.54903417,80.07105304,44R,410000.9,3269176.2,1019.4
T,29.54926141,80.05435273,44R,408383,3269214.5,896.1
T,29.54951392,79.78748287,44R,382526.4,3269482.6,1640.6
T,29.55009168,79.33484106,44R,338668,3270090,737.7
T,29.55161923,79.87410779,44R,390921.8,3269631.4,1534.2
T,29.55186045,79.85409903,44R,388983.5,3269677.1,1681.8
T,29.55205919,79.83742728,44R,387368.4,3269715.2,1821.4
T,29.55223387,79.81744839,44R,385432.9,3269754.1,1905.9
T,29.55227621,79.80747643,44R,384466.8,3269768.7,1723.9
T,29.5524043,80.03767812,44R,406770.3,3269576,940.7
T,29.55284542,79.35148149,44R,340284.9,3270372.2,877.6
T,29.55433866,79.89080244,44R,392542.2,3269917.2,1406.1
T,29.55517158,78.53987784,44R,261638,3272021.6,278.3
T,29.55545569,80.02768345,44R,405804.8,3269922.2,702.8
T,29.55557137,79.37145118,44R,342224.1,3270646.9,775.9
T,29.55562301,79.36479915,44R,341579.6,3270661.7,767.7
T,29.55567695,80.01098852,44R,404187.6,3269960.3,817.5
T,29.55586945,79.99762334,44R,402893,3269992.8,636.2
T,29.5561272,79.98090991,44R,401274,3270035.4,937.2
T,29.55634301,79.96422166,44R,399657.4,3270073.6,1213.9
T,29.55655543,79.94753617,44R,398041.1,3270111.7,1581.6
T,29.55680717,79.92751631,44R,396101.8,3270157.4,1405.5
T,29.55701496,79.9108353,44R,394485.9,3270195.4,1271.9
T,29.55809333,79.80420458,44R,384156.4,3270416.5,1892.2
T,29.55824756,80.26476807,44R,428775.6,3270062.7,1556.4
T,29.55832121,79.38809862,44R,343841.4,3270929.2,858.1
T,29.56017981,79.02477031,44R,308639.6,3271679,634.6
T,29.56106963,79.40474921,44R,345458.9,3271211.5,1317.3
T,29.56170514,78.65710867,44R,273014.5,3272510.8,311.5
T,29.56279347,78.37227271,44R,245412.1,3273222.6,262.6
T,29.56384275,79.41807571,44R,346754.2,3271501.2,1662.9
T,29.56663155,80.06451415,44R,409383,3271131.2,1287.9
T,29.5666674,79.43805553,44R,348694.2,3271788,1229
T,29.56721864,79.35488162,44R,340636.9,3271960.4,1140.3
T,29.56862851,80.65078512,44R,466174.2,3271038.3,2080.1
T,29.56887269,80.6341163,44R,464559.7,3271070.4,1988.2
T,29.56910392,80.61746642,44R,462947,3271101.2,1892.5
T,29.56924976,80.60418405,44R,461660.5,3271121.6,1867.4
T,29.56943054,80.58757955,44R,460052.2,3271147.3,1826.2
T,29.56951033,79.45470802,44R,350311.7,3272081.4,1276.8
T,29.57233596,79.47136199,44R,351929.3,3272373.2,1245.7
T,29.57259662,79.80433697,44R,384185.8,3272023.6,1544.3
T,29.57270517,78.54324757,44R,262005.7,3273958.3,277.1
T,29.57424231,80.66093327,44R,467159,3271657.4,1996.5
T,29.57493336,79.0248905,44R,308679.1,3273314,688.9
T,29.57514455,79.49134367,44R,353869.1,3272659.1,1587.8
T,29.57531513,80.57117563,44R,458465.7,3271805.1,1466.1
T,29.57625497,78.65043719,44R,272400.6,3274136.7,434
T,29.57796002,79.50467365,44R,355164.4,3272954.4,1140.9
T,29.578814,79.34496149,44R,339694.1,3273259.1,1195.6
T,29.58116398,80.55808788,44R,457200.5,3272457.9,1331.9
T,29.58130694,80.05795123,44R,408760.5,3272762.5,1521
T,29.58162457,80.26494907,44R,428809.5,3272652.9,1615.3
T,29.58324442,78.37228449,44R,245464.6,3275489.8,272.1
T,29.58362951,79.52135512,44R,356788.3,3273562,1803.4
T,29.58439945,78.54661144,44R,262359.1,3275247.8,282
T,29.58569722,80.66459179,44R,467517,3272925.6,1863.4
T,29.58636035,79.54135059,44R,358729,3273840.1,1919
T,29.58788642,78.6437598,44R,271779.8,3275439.1,494.3
T,29.59028044,80.54134443,44R,455582.9,3273474.3,1165.9
T,29.59262797,79.02503468,44R,308726.5,3275275,604.8
T,29.5932403,79.34170693,44R,339401.7,3274862.4,1324.9
T,29.59378171,80.5177404,44R,453298.6,3273871.5,1116.5
T,29.59475154,79.57803989,44R,362294.2,3274725.9,1487.9
T,29.59487293,79.56471805,44R,361004.1,3274755.3,1574.8
T,29.59580071,79.80454904,44R,384232.8,3274594.7,1563.1
T,29.59711273,80.66502233,44R,467562.4,3274190.4,1676
T,29.59898953,78.54662776,44R,262394.9,3276865.1,291.4
T,29.59952255,78.63708495,44R,271159.4,3276742.2,472.4
T,29.60035149,79.60139602,44R,364563.7,3275319,1291.3
T,29.60077048,78.37229459,44R,245509.6,3277432.7,274.5
T,29.60310294,79.61807328,44R,366182.5,3275604.6,1201.3
T,29.60473239,80.05145573,44R,408152.6,3275363.4,1650.6
T,29.60557117,80.49800795,44R,451393.4,3275185.9,985.8
T,29.60585594,79.63475224,44R,367801.3,3275890.5,1240.7
T,29.60764371,79.34177892,44R,339431.5,3276458.6,1713.3
T,29.60778336,78.55334014,44R,263065.8,3277826.2,301
T,29.6079552,80.26181603,44R,428524.7,3275572.4,2098.2
T,29.60853186,80.66545298,44R,467607.7,3275455.5,1293.8
T,29.60855076,79.65809612,44R,370065.4,3276162.7,1358.9
T,29.61118172,78.6337631,44R,270864,3278041.1,726.5
T,29.61130416,79.6747788,44R,371684.4,3276449.3,1647.2
T,29.61242744,78.36894502,44R,245214.4,3278732.4,274.2
T,29.6132587,79.02520284,44R,308781.7,3277561.3,653
T,29.6132587,79.02520284,44R,308781.7,3277561.3,653
T,29.61389739,79.7081285,44R,374917,3276700.2,1583.6
T,29.61408721,79.68813059,44R,372980.8,3276743,1705.2
T,29.61418072,80.48181076,44R,449829.3,3276146.8,758.3
T,29.61633522,79.33516566,44R,338804.8,3277431,1990.6
T,29.61661608,78.56675516,44R,264385.9,3278778,463.2
T,29.61950653,79.7348234,44R,377508.7,3277293.3,1359.6
T,29.61991143,80.46882519,44R,448574.9,3276787.5,607.1
T,29.61995493,80.66588393,44R,467653.1,3276721.1,1464.6
T,29.62190273,79.80478755,44R,384285.7,3277486.9,1612.3
T,29.62231385,79.74817011,44R,378804.4,3277590.3,1601.8
T,29.62511941,79.76151734,44R,380100,3277887.4,1541.8
T,29.62528834,80.04489942,44R,407536.5,3277646.4,2037.6
T,29.6278756,79.78152663,44R,382040.5,3278172.3,1522.8
T,29.6283637,78.58017501,44R,265712.9,3280053,426.4
T,29.6286787,78.63045509,44R,270583.2,3279987.2,682.2
T,29.62992373,78.36559817,44R,244934.3,3280679.4,274.1
T,29.63065317,79.79820583,44R,383658.5,3278463.2,1652.7
T,29.63076566,79.33190745,44R,338512.4,3279034.8,1816.3
T,29.63189232,80.442284,44R,446011.7,3278127.1,1379
T,29.63330519,79.84813103,44R,388494.9,3278708,1898.5
T,29.63338321,79.83150266,44R,386885.2,3278732.7,1980.3
T,29.63345865,79.81487253,44R,385275.3,3278757.5,1664.6
T,29.63383688,79.02202295,44R,308512.7,3279847.4,739.8
T,29.63448792,80.66609926,44R,467678.6,3278331.3,1820.7
T,29.6350844,80.42227481,44R,444076.5,3278490.3,623.8
T,29.63600983,79.88806026,44R,392363.3,3278969.9,1730.5
T,29.63607598,79.87476095,44R,391075.9,3278989.7,1712
T,29.6371943,80.25870491,44R,428244.1,3278814.2,1456.8
T,29.63863197,79.92470301,44R,395913.3,3279227,1389.7
T,29.63882384,79.90471191,44R,393978.2,3279266.4,1604.1
T,29.64012791,78.59361206,44R,267041.4,3281330,751.3
T,29.64033489,78.62713229,44R,270287.9,3281285.9,531.9
T,29.64101652,79.96810586,44R,400117.2,3279453,642.2
T,29.64110333,80.40896715,44R,442791.7,3279163.7,1044.4
T,29.64122348,79.95141806,44R,398502,3279490.5,714.4
T,29.64346964,80.00153694,44R,403355.7,3279696.5,1589.7
T,29.64371863,79.98482085,44R,401737.8,3279738.1,1059.1
T,29.64524454,79.32198934,44R,337575.3,3280653.3,1874.2
T,29.64583514,80.03834349,44R,406920.6,3279928.5,1814.9
T,29.64583514,80.03834349,44R,406920.6,3279928.5,1814.9
T,29.64598698,80.02830893,44R,405949.5,3279953.4,1787.5
T,29.64725342,80.38564353,44R,440537.7,3279856.9,1273.3
T,29.64744226,78.36560768,44R,244979.4,3282621.5,268.6
T,29.64844867,80.05843552,44R,408867.8,3280202.1,1494.8
T,29.64870429,80.04170768,44R,407248.9,3280243.7,1774.6
T,29.64894825,78.60368971,44R,268037.5,3282287.5,622.7
T,29.64908915,80.6662268,44R,467695.6,3279949.2,1789
T,29.65069832,80.1019576,44R,413082.3,3280417.9,1188.6
T,29.65111158,80.075186,44R,410491.5,3280484.1,1138
T,29.65320072,80.13537863,44R,416319.2,3280670.6,850.4
T,29.65326691,80.3723363,44R,439253.3,3280530.2,1019.7
T,29.6533866,80.11869388,44R,414704.5,3280703.4,1215.3
T,29.65429874,79.02213687,44R,308562.4,3282115.1,1379.9
T,29.65488811,78.62046424,44R,269675.3,3282912.4,511
T,29.65566518,80.1787447,44R,420518.4,3280913.1,1047.2
T,29.65581997,80.1653967,44R,419226.7,3280939.5,852.4
T,29.65649012,80.34899005,44R,436995.8,3280899.8,1000.5
T,29.65679565,79.31871384,44R,337276.8,3281938.1,1647.8
T,29.65761509,80.03173008,44R,406291.4,3281239.1,1733.2
T,29.65761509,80.03173008,44R,406291.4,3281239.1,1733.2
T,29.6577459,78.61041496,44R,268708.9,3283249.3,550.2
T,29.65834821,80.19878928,44R,422460.5,3281196.8,1011.1
T,29.65953785,80.33899844,44R,436030.7,3281243,1027.7
T,29.66106811,80.21549813,44R,424079.6,3281487.1,1183.3
T,29.66201413,78.36225824,44R,244691.9,3284244.4,278.3
T,29.66250251,79.80515846,44R,384368.1,3281985.6,1858.9
T,29.66262705,80.32566825,44R,434742.6,3281592.7,1093.4
T,29.66378596,80.23220756,44R,425698.7,3281777.5,1056.6
T,29.66650175,80.24891806,44R,427317.8,3282067.8,1679.9
T,29.66660629,80.66637958,44R,467716,3281890.1,1579
T,29.66834721,79.3154374,44R,336978.2,3283222.9,1392.1
T,29.66867513,80.30902342,44R,433135.8,3282272.4,1462.1
T,29.66889264,79.01887773,44R,308274.6,3283738,1553.1
T,29.66921539,80.26562939,44R,428936.9,3282358.1,1817.3
T,29.67155051,80.3123842,44R,433462.9,3282589,1382.3
T,29.67180223,80.29235555,44R,431525,3282628.6,1411.6
T,29.67196849,80.27900369,44R,430233.1,3282655,1592.3
T,29.67225583,80.25563862,44R,427972.3,3282701.2,1699.2
T,29.67237484,78.61715192,44R,269394.5,3284857.5,450.6
T,29.67237484,78.61715192,44R,269394.5,3284857.5,450.6
T,29.67356425,80.38251624,44R,440250.6,3282773.9,632.1
T,29.67378288,80.36582279,44R,438635.4,3282806.9,941.9
T,29.67404253,80.34579124,44R,436697.2,3282846.4,1098
T,29.67425665,80.32909898,44R,435082.1,3282879.4,1113.9
T,29.67471983,80.29237842,44R,431529.2,3282951.9,1389.8
T,29.67517852,80.02850027,44R,405995.1,3283188,1603.2
T,29.67626148,80.3992344,44R,441869.9,3283064.3,915.4
T,29.67788596,80.27237324,44R,429595.6,3283314.7,1692.3
T,29.67818989,78.61381284,44R,269084.6,3285508.7,558.1
T,29.67886676,80.42263106,44R,444135.2,3283341.4,1043
T,29.67895663,80.41595312,44R,443489.1,3283354.6,1169
T,29.67992596,79.80198629,44R,384081,3283919.5,1599.9
T,29.68056172,79.01560204,44R,307979.7,3285036.8,1586.5
T,29.68120059,80.66650675,44R,467732.9,3283507.1,904.7
T,29.68128541,80.45938755,44R,447693,3283592.2,1441.6
T,29.68151334,80.44269028,44R,446077.5,3283625.2,1098.4
T,29.68242115,78.35891125,44R,244419.5,3286514.2,295.3
T,29.68283799,79.30884642,44R,336363.8,3284838.2,1347.8
T,29.68378877,80.50916879,44R,452510.8,3283848.2,1249.2
T,29.68388073,80.48278838,44R,449958.4,3283869.5,1230.4
T,29.6839251,80.2557292,44R,427989.4,3283994.2,1543.3
T,29.68604509,80.53625049,44R,455132.1,3284087.4,958.8
T,29.68604509,80.53625049,44R,455132.1,3284087.4,958.8
T,29.68604509,80.53625049,44R,455132.1,3284087.4,958.8
T,29.68604509,80.53625049,44R,455132.1,3284087.4,958.8
T,29.68604509,80.53625049,44R,455132.1,3284087.4,958.8
T,29.68604509,80.53625049,44R,455132.1,3284087.4,958.8
T,29.68604509,80.53625049,44R,455132.1,3284087.4,958.8
T,29.68604509,80.53625049,44R,455132.1,3284087.4,958.8
T,29.68604509,80.53625049,44R,455132.1,3284087.4,958.8
T,29.68604509,80.53625049,44R,455132.1,3284087.4,958.8
T,29.68604509,80.53625049,44R,455132.1,3284087.4,958.8
T,29.68604509,80.53625049,44R,455132.1,3284087.4,958.8
T,29.68604509,80.53625049,44R,455132.1,3284087.4,958.8
T,29.68604509,80.53625049,44R,455132.1,3284087.4,958.8
T,29.68604509,80.53625049,44R,455132.1,3284087.4,958.8
T,29.68604509,80.53625049,44R,455132.1,3284087.4,958.8
T,29.68604509,80.53625049,44R,455132.1,3284087.4,958.8
T,29.68604509,80.53625049,44R,455132.1,3284087.4,958.8
T,29.68604509,80.53625049,44R,455132.1,3284087.4,958.8
T,29.68604509,80.53625049,44R,455132.1,3284087.4,958.8
T,29.68604509,80.53625049,44R,455132.1,3284087.4,958.8
T,29.68604509,80.53625049,44R,455132.1,3284087.4,958.8
T,29.68604509,80.53625049,44R,455132.1,3284087.4,958.8
T,29.68604509,80.53625049,44R,455132.1,3284087.4,958.8
T,29.68604509,80.53625049,44R,455132.1,3284087.4,958.8
T,29.68604509,80.53625049,44R,455132.1,3284087.4,958.8
T,29.68604509,80.53625049,44R,455132.1,3284087.4,958.8
T,29.68604509,80.53625049,44R,455132.1,3284087.4,958.8
T,29.68604509,80.53625049,44R,455132.1,3284087.4,958.8
T,29.68604509,80.53625049,44R,455132.1,3284087.4,958.8
T,29.68604509,80.53625049,44R,455132.1,3284087.4,958.8
T,29.68604509,80.53625049,44R,455132.1,3284087.4,958.8
T,29.68604509,80.53625049,44R,455132.1,3284087.4,958.8
T,29.68604509,80.53625049,44R,455132.1,3284087.4,958.8
T,29.68604509,80.53625049,44R,455132.1,3284087.4,958.8
T,29.68604509,80.53625049,44R,455132.1,3284087.4,958.8
T,29.68604509,80.53625049,44R,455132.1,3284087.4,958.8
T,29.68604509,80.53625049,44R,455132.1,3284087.4,958.8
T,29.68604509,80.53625049,44R,455132.1,3284087.4,958.8
T,29.68604509,80.53625049,44R,455132.1,3284087.4,958.8
T,29.68604509,80.53625049,44R,455132.1,3284087.4,958.8
T,29.68604509,80.53625049,44R,455132.1,3284087.4,958.8
T,29.68604509,80.53625049,44R,455132.1,3284087.4,958.8
T,29.68604509,80.53625049,44R,455132.1,3284087.4,958.8
T,29.68604509,80.53625049,44R,455132.1,3284087.4,958.8
T,29.68604509,80.53625049,44R,455132.1,3284087.4,958.8
T,29.68604509,80.53625049,44R,455132.1,3284087.4,958.8
T,29.68604509,80.53625049,44R,455132.1,3284087.4,958.8
T,29.68604509,80.53625049,44R,455132.1,3284087.4,958.8
T,29.68604509,80.53625049,44R,455132.1,3284087.4,958.8
T,29.68604509,80.53625049,44R,455132.1,3284087.4,958.8
T,29.68604509,80.53625049,44R,455132.1,3284087.4,958.8
T,29.68635533,80.52274482,44R,453825.5,3284127.1,1202.4
T,29.68701403,78.62723684,44R,270404.1,3286460.2,729.5
T,29.68823356,78.3555563,44R,244109.5,3287166,295
T,29.68828677,80.58303892,44R,459659.8,3284318.5,724.6
T,29.68848158,80.56967758,44R,458367.2,3284344.8,971.8
T,29.68857843,80.56299664,44R,457720.9,3284358,1124.7
T,29.68877124,80.54963575,44R,456428.3,3284384.3,1094.3
T,29.68996138,80.23908511,44R,426383.4,3284673.5,1383
T,29.69090951,80.60310687,44R,461602.4,3284602.3,748.6
T,29.69307838,80.22241882,44R,424773.2,3285029.6,1346.1
T,29.69332933,80.63653962,44R,464837.7,3284859.8,942.9
T,29.69332933,80.63653962,44R,464837.7,3284859.8,942.9
T,29.69332933,80.63653962,44R,464837.7,3284859.8,942.9
T,29.69332933,80.63653962,44R,464837.7,3284859.8,942.9
T,29.69332933,80.63653962,44R,464837.7,3284859.8,942.9
T,29.69332933,80.63653962,44R,464837.7,3284859.8,942.9
T,29.69332933,80.63653962,44R,464837.7,3284859.8,942.9
T,29.69332933,80.63653962,44R,464837.7,3284859.8,942.9
T,29.69332933,80.63653962,44R,464837.7,3284859.8,942.9
T,29.69332933,80.63653962,44R,464837.7,3284859.8,942.9
T,29.69357926,80.61983565,44R,463221.8,3284892.7,1000.9
T,29.69442182,79.30890361,44R,336388.1,3286121.9,1078.1
T,29.69565346,80.02528928,44R,405703.5,3285459.4,1497.6
T,29.69567076,78.61049768,44R,268803.7,3287453.1,618.3
T,29.69604557,80.64992878,44R,466133.9,3285156.8,1200.6
T,29.69604557,80.64992878,44R,466133.9,3285156.8,1200.6
T,29.69604557,80.64992878,44R,466133.9,3285156.8,1200.6
T,29.69627108,80.19907813,44R,422517.5,3285398.8,1417
T,29.69806964,79.01235877,44R,307699.2,3286982.7,1039.3
T,29.6987094,80.66665943,44R,467753.3,3285447.2,1276.4
T,29.6987094,80.66665943,44R,467753.3,3285447.2,1276.4
T,29.6987094,80.66665943,44R,467753.3,3285447.2,1276.4
T,29.6987094,80.66665943,44R,467753.3,3285447.2,1276.4
T,29.6987094,80.66665943,44R,467753.3,3285447.2,1276.4
T,29.6987094,80.66665943,44R,467753.3,3285447.2,1276.4
T,29.6987094,80.66665943,44R,467753.3,3285447.2,1276.4
T,29.6987094,80.66665943,44R,467753.3,3285447.2,1276.4
T,29.6987094,80.66665943,44R,467753.3,3285447.2,1276.4
T,29.6987094,80.66665943,44R,467753.3,3285447.2,1276.4
T,29.6987094,80.66665943,44R,467753.3,3285447.2,1276.4
T,29.6987094,80.66665943,44R,467753.3,3285447.2,1276.4
T,29.6987094,80.66665943,44R,467753.3,3285447.2,1276.4
T,29.6987094,80.66665943,44R,467753.3,3285447.2,1276.4
T,29.6987094,80.66665943,44R,467753.3,3285447.2,1276.4
T,29.6987094,80.66665943,44R,467753.3,3285447.2,1276.4
T,29.6987094,80.66665943,44R,467753.3,3285447.2,1276.4
T,29.6987094,80.66665943,44R,467753.3,3285447.2,1276.4
T,29.6987094,80.66665943,44R,467753.3,3285447.2,1276.4
T,29.6987094,80.66665943,44R,467753.3,3285447.2,1276.4
T,29.6987094,80.66665943,44R,467753.3,3285447.2,1276.4
T,29.6987094,80.66665943,44R,467753.3,3285447.2,1276.4
T,29.6987094,80.66665943,44R,467753.3,3285447.2,1276.4
T,29.6987094,80.66665943,44R,467753.3,3285447.2,1276.4
T,29.6987094,80.66665943,44R,467753.3,3285447.2,1276.4
T,29.6987094,80.66665943,44R,467753.3,3285447.2,1276.4
T,29.6987094,80.66665943,44R,467753.3,3285447.2,1276.4
T,29.6987094,80.66665943,44R,467753.3,3285447.2,1276.4
T,29.6987094,80.66665943,44R,467753.3,3285447.2,1276.4
T,29.6987094,80.66665943,44R,467753.3,3285447.2,1276.4
T,29.6987094,80.66665943,44R,467753.3,3285447.2,1276.4
T,29.6987094,80.66665943,44R,467753.3,3285447.2,1276.4
T,29.6987094,80.66665943,44R,467753.3,3285447.2,1276.4
T,29.6987094,80.66665943,44R,467753.3,3285447.2,1276.4
T,29.6987094,80.66665943,44R,467753.3,3285447.2,1276.4
T,29.6987094,80.66665943,44R,467753.3,3285447.2,1276.4
T,29.6987094,80.66665943,44R,467753.3,3285447.2,1276.4
T,29.69930491,80.18908804,44R,421553.4,3285741.7,1392.9
T,29.7002474,79.79883898,44R,383799.9,3286174.6,1134.5
T,29.70172889,80.66000266,44R,467110.3,3285783.6,1662.9
T,29.70237613,80.17576035,44R,420266.4,3286091.1,1468.8
T,29.7025298,80.16241136,44R,418975.2,3286117.5,1245.5
T,29.70380437,78.50322595,44R,258440.8,3288574.3,329.3
T,29.70396384,78.53005468,44R,261037.7,3288536.1,326.4
T,29.70407979,78.55017238,44R,262984.9,3288507.6,613.8
T,29.70415552,78.5635826,44R,264282.9,3288488.5,375.3
T,29.70423019,78.57699107,44R,265580.7,3288469.5,401.2
T,29.70432573,78.59375478,44R,267203.3,3288446.2,457.3
T,29.70441928,78.61051579,44R,268825.5,3288422.9,692.1
T,29.7045109,78.62727453,44R,270447.6,3288399.6,628
T,29.70458285,78.64067985,44R,271745,3288381.1,572.8
T,29.70465326,78.65408372,44R,273042.3,3288362.5,601.9
T,29.70477324,78.67753662,44R,275312.2,3288329.9,600.8
T,29.70477324,78.67753662,44R,275312.2,3288329.9,600.8
T,29.70477324,78.67753662,44R,275312.2,3288329.9,600.8
T,29.70477324,78.67753662,44R,275312.2,3288329.9,600.8
T,29.70558337,80.14909659,44R,417689.6,3286465.2,1127.6
T,29.70601289,79.30562785,44R,336090,3287411.2,949.2
T,29.70663913,78.48981295,44R,257149.5,3288916.6,330.9
T,29.70730149,78.60382019,44R,268184.2,3288755.8,650.2
T,29.70779666,78.69764939,44R,277265.2,3288626.1,1122.5
T,29.70786154,78.71104767,44R,278561.9,3288607.5,840.8
T,29.70939329,78.46298331,44R,254559.7,3289278.7,332.8
T,29.71021406,80.25259441,44R,427704.9,3286909.1,1870.6
T,29.71022659,80.6767855,44R,468736.5,3286720.5,1418.9
T,29.71089055,78.72782669,44R,280192.2,3288911.3,600.8
T,29.71155772,78.35221369,44R,243845.1,3289759.2,295.4
T,29.71163134,80.1258183,44R,415442.8,3287152.2,887.3
T,29.71222992,78.44957115,44R,253268.7,3289621.7,343
T,29.71329696,80.66678706,44R,467770.3,3287063.5,1776.4
T,29.71329696,80.66678706,44R,467770.3,3287063.5,1776.4
T,29.71329696,80.66678706,44R,467770.3,3287063.5,1776.4
T,29.71329696,80.66678706,44R,467770.3,3287063.5,1776.4
T,29.71329696,80.66678706,44R,467770.3,3287063.5,1776.4
T,29.71329696,80.66678706,44R,467770.3,3287063.5,1776.4
T,29.71329696,80.66678706,44R,467770.3,3287063.5,1776.4
T,29.71329696,80.66678706,44R,467770.3,3287063.5,1776.4
T,29.71329696,80.66678706,44R,467770.3,3287063.5,1776.4
T,29.71329696,80.66678706,44R,467770.3,3287063.5,1776.4
T,29.71329696,80.66678706,44R,467770.3,3287063.5,1776.4
T,29.71329696,80.66678706,44R,467770.3,3287063.5,1776.4
T,29.71329696,80.66678706,44R,467770.3,3287063.5,1776.4
T,29.71329696,80.66678706,44R,467770.3,3287063.5,1776.4
T,29.71329696,80.66678706,44R,467770.3,3287063.5,1776.4
T,29.71329696,80.66678706,44R,467770.3,3287063.5,1776.4
T,29.71329696,80.66678706,44R,467770.3,3287063.5,1776.4
T,29.71329696,80.66678706,44R,467770.3,3287063.5,1776.4
T,29.71329696,80.66678706,44R,467770.3,3287063.5,1776.4
T,29.71329696,80.66678706,44R,467770.3,3287063.5,1776.4
T,29.71329696,80.66678706,44R,467770.3,3287063.5,1776.4
T,29.71329696,80.66678706,44R,467770.3,3287063.5,1776.4
T,29.71329696,80.66678706,44R,467770.3,3287063.5,1776.4
T,29.71329696,80.66678706,44R,467770.3,3287063.5,1776.4
T,29.71329696,80.66678706,44R,467770.3,3287063.5,1776.4
T,29.71329696,80.66678706,44R,467770.3,3287063.5,1776.4
T,29.71329696,80.66678706,44R,467770.3,3287063.5,1776.4
T,29.71329696,80.66678706,44R,467770.3,3287063.5,1776.4
T,29.71329696,80.66678706,44R,467770.3,3287063.5,1776.4
T,29.71329696,80.66678706,44R,467770.3,3287063.5,1776.4
T,29.71329696,80.66678706,44R,467770.3,3287063.5,1776.4
T,29.71329696,80.66678706,44R,467770.3,3287063.5,1776.4
T,29.71329696,80.66678706,44R,467770.3,3287063.5,1776.4
T,29.71329696,80.66678706,44R,467770.3,3287063.5,1776.4
T,29.71329696,80.66678706,44R,467770.3,3287063.5,1776.4
T,29.71329696,80.66678706,44R,467770.3,3287063.5,1776.4
T,29.71329696,80.66678706,44R,467770.3,3287063.5,1776.4
T,29.71329696,80.66678706,44R,467770.3,3287063.5,1776.4
T,29.71329696,80.66678706,44R,467770.3,3287063.5,1776.4
T,29.71329696,80.66678706,44R,467770.3,3287063.5,1776.4
T,29.71329696,80.66678706,44R,467770.3,3287063.5,1776.4
T,29.71329696,80.66678706,44R,467770.3,3287063.5,1776.4
T,29.71329696,80.66678706,44R,467770.3,3287063.5,1776.4
T,29.71329696,80.66678706,44R,467770.3,3287063.5,1776.4
T,29.71329696,80.66678706,44R,467770.3,3287063.5,1776.4
T,29.71329696,80.66678706,44R,467770.3,3287063.5,1776.4
T,29.71329696,80.66678706,44R,467770.3,3287063.5,1776.4
T,29.71329696,80.66678706,44R,467770.3,3287063.5,1776.4
T,29.71329696,80.66678706,44R,467770.3,3287063.5,1776.4
T,29.71329696,80.66678706,44R,467770.3,3287063.5,1776.4
T,29.71329696,80.66678706,44R,467770.3,3287063.5,1776.4
T,29.71329696,80.66678706,44R,467770.3,3287063.5,1776.4
T,29.71329696,80.66678706,44R,467770.3,3287063.5,1776.4
T,29.71329696,80.66678706,44R,467770.3,3287063.5,1776.4
T,29.71329696,80.66678706,44R,467770.3,3287063.5,1776.4
T,29.71329696,80.66678706,44R,467770.3,3287063.5,1776.4
T,29.71329696,80.66678706,44R,467770.3,3287063.5,1776.4
T,29.71329696,80.66678706,44R,467770.3,3287063.5,1776.4
T,29.71329696,80.66678706,44R,467770.3,3287063.5,1776.4
T,29.71329696,80.66678706,44R,467770.3,3287063.5,1776.4
T,29.71329696,80.66678706,44R,467770.3,3287063.5,1776.4
T,29.71329696,80.66678706,44R,467770.3,3287063.5,1776.4
T,29.71329696,80.66678706,44R,467770.3,3287063.5,1776.4
T,29.71329696,80.66678706,44R,467770.3,3287063.5,1776.4
T,29.71329696,80.66678706,44R,467770.3,3287063.5,1776.4
T,29.71329696,80.66678706,44R,467770.3,3287063.5,1776.4
T,29.71329696,80.66678706,44R,467770.3,3287063.5,1776.4
T,29.71329696,80.66678706,44R,467770.3,3287063.5,1776.4
T,29.71329696,80.66678706,44R,467770.3,3287063.5,1776.4
T,29.71329696,80.66678706,44R,467770.3,3287063.5,1776.4
T,29.71329696,80.66678706,44R,467770.3,3287063.5,1776.4
T,29.71329696,80.66678706,44R,467770.3,3287063.5,1776.4
T,29.71329696,80.66678706,44R,467770.3,3287063.5,1776.4
T,29.71329696,80.66678706,44R,467770.3,3287063.5,1776.4
T,29.71329696,80.66678706,44R,467770.3,3287063.5,1776.4
T,29.71329696,80.66678706,44R,467770.3,3287063.5,1776.4
T,29.71329696,80.66678706,44R,467770.3,3287063.5,1776.4
T,29.71329696,80.66678706,44R,467770.3,3287063.5,1776.4
T,29.71329696,80.66678706,44R,467770.3,3287063.5,1776.4
T,29.71329696,80.66678706,44R,467770.3,3287063.5,1776.4
T,29.71329696,80.66678706,44R,467770.3,3287063.5,1776.4
T,29.71329696,80.66678706,44R,467770.3,3287063.5,1776.4
T,29.71329696,80.66678706,44R,467770.3,3287063.5,1776.4
T,29.71329696,80.66678706,44R,467770.3,3287063.5,1776.4
T,29.71329696,80.66678706,44R,467770.3,3287063.5,1776.4
T,29.71329696,80.66678706,44R,467770.3,3287063.5,1776.4
T,29.71329696,80.66678706,44R,467770.3,3287063.5,1776.4
T,29.71329696,80.66678706,44R,467770.3,3287063.5,1776.4
T,29.71329696,80.66678706,44R,467770.3,3287063.5,1776.4
T,29.71329696,80.66678706,44R,467770.3,3287063.5,1776.4
T,29.71329696,80.66678706,44R,467770.3,3287063.5,1776.4
T,29.71329696,80.66678706,44R,467770.3,3287063.5,1776.4
T,29.71329696,80.66678706,44R,467770.3,3287063.5,1776.4
T,29.71329696,80.66678706,44R,467770.3,3287063.5,1776.4
T,29.71329696,80.66678706,44R,467770.3,3287063.5,1776.4
T,29.71329696,80.66678706,44R,467770.3,3287063.5,1776.4
T,29.71329696,80.66678706,44R,467770.3,3287063.5,1776.4
T,29.71329696,80.66678706,44R,467770.3,3287063.5,1776.4
T,29.71329696,80.66678706,44R,467770.3,3287063.5,1776.4
T,29.71329696,80.66678706,44R,467770.3,3287063.5,1776.4
T,29.71329696,80.66678706,44R,467770.3,3287063.5,1776.4
T,29.71329696,80.66678706,44R,467770.3,3287063.5,1776.4
T,29.71329696,80.66678706,44R,467770.3,3287063.5,1776.4
T,29.71329696,80.66678706,44R,467770.3,3287063.5,1776.4
T,29.71329696,80.66678706,44R,467770.3,3287063.5,1776.4
T,29.71329696,80.66678706,44R,467770.3,3287063.5,1776.4
T,29.71329696,80.66678706,44R,467770.3,3287063.5,1776.4
T,29.71329696,80.66678706,44R,467770.3,3287063.5,1776.4
T,29.71329696,80.66678706,44R,467770.3,3287063.5,1776.4
T,29.71329696,80.66678706,44R,467770.3,3287063.5,1776.4
T,29.71329696,80.66678706,44R,467770.3,3287063.5,1776.4
T,29.71329696,80.66678706,44R,467770.3,3287063.5,1776.4
T,29.71329696,80.66678706,44R,467770.3,3287063.5,1776.4
T,29.71329696,80.66678706,44R,467770.3,3287063.5,1776.4
T,29.71329696,80.66678706,44R,467770.3,3287063.5,1776.4
T,29.71329696,80.66678706,44R,467770.3,3287063.5,1776.4
T,29.71329696,80.66678706,44R,467770.3,3287063.5,1776.4
T,29.71329696,80.66678706,44R,467770.3,3287063.5,1776.4
T,29.71329696,80.66678706,44R,467770.3,3287063.5,1776.4
T,29.71329696,80.66678706,44R,467770.3,3287063.5,1776.4
T,29.71329696,80.66678706,44R,467770.3,3287063.5,1776.4
T,29.71329696,80.66678706,44R,467770.3,3287063.5,1776.4
T,29.71329696,80.66678706,44R,467770.3,3287063.5,1776.4
T,29.71329696,80.66678706,44R,467770.3,3287063.5,1776.4
T,29.71329696,80.66678706,44R,467770.3,3287063.5,1776.4
T,29.71329696,80.66678706,44R,467770.3,3287063.5,1776.4
T,29.71329696,80.66678706,44R,467770.3,3287063.5,1776.4
T,29.71329696,80.66678706,44R,467770.3,3287063.5,1776.4
T,29.71329696,80.66678706,44R,467770.3,3287063.5,1776.4
T,29.71329696,80.66678706,44R,467770.3,3287063.5,1776.4
T,29.71329696,80.66678706,44R,467770.3,3287063.5,1776.4
T,29.71329696,80.66678706,44R,467770.3,3287063.5,1776.4
T,29.71329696,80.66678706,44R,467770.3,3287063.5,1776.4
T,29.71329696,80.66678706,44R,467770.3,3287063.5,1776.4
T,29.71329696,80.66678706,44R,467770.3,3287063.5,1776.4
T,29.71329696,80.66678706,44R,467770.3,3287063.5,1776.4
T,29.71329696,80.66678706,44R,467770.3,3287063.5,1776.4
T,29.71329696,80.66678706,44R,467770.3,3287063.5,1776.4
T,29.71329696,80.66678706,44R,467770.3,3287063.5,1776.4
T,29.71329696,80.66678706,44R,467770.3,3287063.5,1776.4
T,29.71329696,80.66678706,44R,467770.3,3287063.5,1776.4
T,29.71329696,80.66678706,44R,467770.3,3287063.5,1776.4
T,29.71329696,80.66678706,44R,467770.3,3287063.5,1776.4
T,29.71329696,80.66678706,44R,467770.3,3287063.5,1776.4
T,29.71329696,80.66678706,44R,467770.3,3287063.5,1776.4
T,29.71329696,80.66678706,44R,467770.3,3287063.5,1776.4
T,29.71329696,80.66678706,44R,467770.3,3287063.5,1776.4
T,29.71329696,80.66678706,44R,467770.3,3287063.5,1776.4
T,29.71329696,80.66678706,44R,467770.3,3287063.5,1776.4
T,29.71329696,80.66678706,44R,467770.3,3287063.5,1776.4
T,29.71329696,80.66678706,44R,467770.3,3287063.5,1776.4
T,29.71329696,80.66678706,44R,467770.3,3287063.5,1776.4
T,29.71329696,80.66678706,44R,467770.3,3287063.5,1776.4
T,29.71329696,80.66678706,44R,467770.3,3287063.5,1776.4
T,29.71329696,80.66678706,44R,467770.3,3287063.5,1776.4
T,29.71329696,80.66678706,44R,467770.3,3287063.5,1776.4
T,29.71329696,80.66678706,44R,467770.3,3287063.5,1776.4
T,29.71329696,80.66678706,44R,467770.3,3287063.5,1776.4
T,29.71329696,80.66678706,44R,467770.3,3287063.5,1776.4
T,29.71329696,80.66678706,44R,467770.3,3287063.5,1776.4
T,29.71329696,80.66678706,44R,467770.3,3287063.5,1776.4
T,29.71329696,80.66678706,44R,467770.3,3287063.5,1776.4
T,29.71329696,80.66678706,44R,467770.3,3287063.5,1776.4
T,29.71329696,80.66678706,44R,467770.3,3287063.5,1776.4
T,29.71329696,80.66678706,44R,467770.3,3287063.5,1776.4
T,29.71329696,80.66678706,44R,467770.3,3287063.5,1776.4
T,29.71329696,80.66678706,44R,467770.3,3287063.5,1776.4
T,29.71329696,80.66678706,44R,467770.3,3287063.5,1776.4
T,29.71329696,80.66678706,44R,467770.3,3287063.5,1776.4
T,29.71329696,80.66678706,44R,467770.3,3287063.5,1776.4
T,29.71329696,80.66678706,44R,467770.3,3287063.5,1776.4
T,29.71329696,80.66678706,44R,467770.3,3287063.5,1776.4
T,29.71329696,80.66678706,44R,467770.3,3287063.5,1776.4
T,29.71329696,80.66678706,44R,467770.3,3287063.5,1776.4
T,29.71329696,80.66678706,44R,467770.3,3287063.5,1776.4
T,29.71329696,80.66678706,44R,467770.3,3287063.5,1776.4
T,29.71329696,80.66678706,44R,467770.3,3287063.5,1776.4
T,29.71329696,80.66678706,44R,467770.3,3287063.5,1776.4
T,29.71329696,80.66678706,44R,467770.3,3287063.5,1776.4
T,29.71329696,80.66678706,44R,467770.3,3287063.5,1776.4
T,29.71329696,80.66678706,44R,467770.3,3287063.5,1776.4
T,29.71329696,80.66678706,44R,467770.3,3287063.5,1776.4
T,29.71329696,80.66678706,44R,467770.3,3287063.5,1776.4
T,29.71329696,80.66678706,44R,467770.3,3287063.5,1776.4
T,29.71329696,80.66678706,44R,467770.3,3287063.5,1776.4
T,29.71329696,80.66678706,44R,467770.3,3287063.5,1776.4
T,29.71329696,80.66678706,44R,467770.3,3287063.5,1776.4
T,29.71329696,80.66678706,44R,467770.3,3287063.5,1776.4
T,29.71329696,80.66678706,44R,467770.3,3287063.5,1776.4
T,29.71329696,80.66678706,44R,467770.3,3287063.5,1776.4
T,29.71329696,80.66678706,44R,467770.3,3287063.5,1776.4
T,29.71329696,80.66678706,44R,467770.3,3287063.5,1776.4
T,29.71329696,80.66678706,44R,467770.3,3287063.5,1776.4
T,29.71329696,80.66678706,44R,467770.3,3287063.5,1776.4
T,29.71329696,80.66678706,44R,467770.3,3287063.5,1776.4
T,29.71329696,80.66678706,44R,467770.3,3287063.5,1776.4
T,29.71329696,80.66678706,44R,467770.3,3287063.5,1776.4
T,29.71329696,80.66678706,44R,467770.3,3287063.5,1776.4
T,29.71329696,80.66678706,44R,467770.3,3287063.5,1776.4
T,29.71329696,80.66678706,44R,467770.3,3287063.5,1776.4
T,29.71329696,80.66678706,44R,467770.3,3287063.5,1776.4
T,29.71329696,80.66678706,44R,467770.3,3287063.5,1776.4
T,29.71329696,80.66678706,44R,467770.3,3287063.5,1776.4
T,29.71329696,80.66678706,44R,467770.3,3287063.5,1776.4
T,29.71329696,80.66678706,44R,467770.3,3287063.5,1776.4
T,29.71329696,80.66678706,44R,467770.3,3287063.5,1776.4
T,29.71329696,80.66678706,44R,467770.3,3287063.5,1776.4
T,29.71329696,80.66678706,44R,467770.3,3287063.5,1776.4
T,29.71329696,80.66678706,44R,467770.3,3287063.5,1776.4
T,29.71329696,80.66678706,44R,467770.3,3287063.5,1776.4
T,29.71329696,80.66678706,44R,467770.3,3287063.5,1776.4
T,29.71329696,80.66678706,44R,467770.3,3287063.5,1776.4
T,29.71329696,80.66678706,44R,467770.3,3287063.5,1776.4
T,29.71329696,80.66678706,44R,467770.3,3287063.5,1776.4
T,29.71329696,80.66678706,44R,467770.3,3287063.5,1776.4
T,29.71329696,80.66678706,44R,467770.3,3287063.5,1776.4
T,29.71329696,80.66678706,44R,467770.3,3287063.5,1776.4
T,29.71329696,80.66678706,44R,467770.3,3287063.5,1776.4
T,29.71329696,80.66678706,44R,467770.3,3287063.5,1776.4
T,29.71329696,80.66678706,44R,467770.3,3287063.5,1776.4
T,29.71329696,80.66678706,44R,467770.3,3287063.5,1776.4
T,29.71329696,80.66678706,44R,467770.3,3287063.5,1776.4
T,29.71329696,80.66678706,44R,467770.3,3287063.5,1776.4
T,29.71329696,80.66678706,44R,467770.3,3287063.5,1776.4
T,29.71329696,80.66678706,44R,467770.3,3287063.5,1776.4
T,29.71329696,80.66678706,44R,467770.3,3287063.5,1776.4
T,29.71329696,80.66678706,44R,467770.3,3287063.5,1776.4
T,29.71329696,80.66678706,44R,467770.3,3287063.5,1776.4
T,29.71329696,80.66678706,44R,467770.3,3287063.5,1776.4
T,29.71329696,80.66678706,44R,467770.3,3287063.5,1776.4
T,29.71329696,80.66678706,44R,467770.3,3287063.5,1776.4
T,29.71329696,80.66678706,44R,467770.3,3287063.5,1776.4
T,29.71329696,80.66678706,44R,467770.3,3287063.5,1776.4
T,29.71329696,80.66678706,44R,467770.3,3287063.5,1776.4
T,29.71329696,80.66678706,44R,467770.3,3287063.5,1776.4
T,29.71329696,80.66678706,44R,467770.3,3287063.5,1776.4
T,29.71329696,80.66678706,44R,467770.3,3287063.5,1776.4
T,29.71329696,80.66678706,44R,467770.3,3287063.5,1776.4
T,29.71329696,80.66678706,44R,467770.3,3287063.5,1776.4
T,29.71329696,80.66678706,44R,467770.3,3287063.5,1776.4
T,29.71329696,80.66678706,44R,467770.3,3287063.5,1776.4
T,29.71329696,80.66678706,44R,467770.3,3287063.5,1776.4
T,29.71329696,80.66678706,44R,467770.3,3287063.5,1776.4
T,29.71329696,80.66678706,44R,467770.3,3287063.5,1776.4
T,29.71329696,80.66678706,44R,467770.3,3287063.5,1776.4
T,29.71329696,80.66678706,44R,467770.3,3287063.5,1776.4
T,29.71329696,80.66678706,44R,467770.3,3287063.5,1776.4
T,29.71329696,80.66678706,44R,467770.3,3287063.5,1776.4
T,29.71329696,80.66678706,44R,467770.3,3287063.5,1776.4
T,29.71329696,80.66678706,44R,467770.3,3287063.5,1776.4
T,29.71329696,80.66678706,44R,467770.3,3287063.5,1776.4
T,29.71329696,80.66678706,44R,467770.3,3287063.5,1776.4
T,29.71329696,80.66678706,44R,467770.3,3287063.5,1776.4
T,29.71329696,80.66678706,44R,467770.3,3287063.5,1776.4
T,29.71329696,80.66678706,44R,467770.3,3287063.5,1776.4
T,29.71329696,80.66678706,44R,467770.3,3287063.5,1776.4
T,29.71329696,80.66678706,44R,467770.3,3287063.5,1776.4
T,29.71329696,80.66678706,44R,467770.3,3287063.5,1776.4
T,29.71329696,80.66678706,44R,467770.3,3287063.5,1776.4
T,29.71329696,80.66678706,44R,467770.3,3287063.5,1776.4
T,29.71329696,80.66678706,44R,467770.3,3287063.5,1776.4
T,29.71329696,80.66678706,44R,467770.3,3287063.5,1776.4
T,29.71329696,80.66678706,44R,467770.3,3287063.5,1776.4
T,29.71329696,80.66678706,44R,467770.3,3287063.5,1776.4
T,29.71329696,80.66678706,44R,467770.3,3287063.5,1776.4
T,29.71329696,80.66678706,44R,467770.3,3287063.5,1776.4
T,29.71329696,80.66678706,44R,467770.3,3287063.5,1776.4
T,29.71329696,80.66678706,44R,467770.3,3287063.5,1776.4
T,29.71329696,80.66678706,44R,467770.3,3287063.5,1776.4
T,29.71329696,80.66678706,44R,467770.3,3287063.5,1776.4
T,29.71329696,80.66678706,44R,467770.3,3287063.5,1776.4
T,29.71329696,80.66678706,44R,467770.3,3287063.5,1776.4
T,29.71329696,80.66678706,44R,467770.3,3287063.5,1776.4
T,29.71329696,80.66678706,44R,467770.3,3287063.5,1776.4
T,29.71329696,80.66678706,44R,467770.3,3287063.5,1776.4
T,29.71329696,80.66678706,44R,467770.3,3287063.5,1776.4
T,29.71329696,80.66678706,44R,467770.3,3287063.5,1776.4
T,29.71329696,80.66678706,44R,467770.3,3287063.5,1776.4
T,29.71329696,80.66678706,44R,467770.3,3287063.5,1776.4
T,29.71329696,80.66678706,44R,467770.3,3287063.5,1776.4
T,29.71329696,80.66678706,44R,467770.3,3287063.5,1776.4
T,29.71329696,80.66678706,44R,467770.3,3287063.5,1776.4
T,29.71329696,80.66678706,44R,467770.3,3287063.5,1776.4
T,29.71329696,80.66678706,44R,467770.3,3287063.5,1776.4
T,29.71329696,80.66678706,44R,467770.3,3287063.5,1776.4
T,29.71329696,80.66678706,44R,467770.3,3287063.5,1776.4
T,29.71329696,80.66678706,44R,467770.3,3287063.5,1776.4
T,29.71329696,80.66678706,44R,467770.3,3287063.5,1776.4
T,29.71329696,80.66678706,44R,467770.3,3287063.5,1776.4
T,29.71329696,80.66678706,44R,467770.3,3287063.5,1776.4
T,29.71329696,80.66678706,44R,467770.3,3287063.5,1776.4
T,29.71329696,80.66678706,44R,467770.3,3287063.5,1776.4
T,29.71329696,80.66678706,44R,467770.3,3287063.5,1776.4
T,29.71329696,80.66678706,44R,467770.3,3287063.5,1776.4
T,29.71329696,80.66678706,44R,467770.3,3287063.5,1776.4
T,29.71329696,80.66678706,44R,467770.3,3287063.5,1776.4
T,29.71329696,80.66678706,44R,467770.3,3287063.5,1776.4
T,29.71329696,80.66678706,44R,467770.3,3287063.5,1776.4
T,29.71329696,80.66678706,44R,467770.3,3287063.5,1776.4
T,29.71329696,80.66678706,44R,467770.3,3287063.5,1776.4
T,29.71329696,80.66678706,44R,467770.3,3287063.5,1776.4
T,29.71329696,80.66678706,44R,467770.3,3287063.5,1776.4
T,29.71329696,80.66678706,44R,467770.3,3287063.5,1776.4
T,29.71329696,80.66678706,44R,467770.3,3287063.5,1776.4
T,29.71329696,80.66678706,44R,467770.3,3287063.5,1776.4
T,29.71329696,80.66678706,44R,467770.3,3287063.5,1776.4
T,29.71329696,80.66678706,44R,467770.3,3287063.5,1776.4
T,29.71329696,80.66678706,44R,467770.3,3287063.5,1776.4
T,29.71329696,80.66678706,44R,467770.3,3287063.5,1776.4
T,29.71329696,80.66678706,44R,467770.3,3287063.5,1776.4
T,29.71329696,80.66678706,44R,467770.3,3287063.5,1776.4
T,29.71329696,80.66678706,44R,467770.3,3287063.5,1776.4
T,29.71329696,80.66678706,44R,467770.3,3287063.5,1776.4
T,29.71329696,80.66678706,44R,467770.3,3287063.5,1776.4
T,29.71329696,80.66678706,44R,467770.3,3287063.5,1776.4
T,29.71329696,80.66678706,44R,467770.3,3287063.5,1776.4
T,29.71329696,80.66678706,44R,467770.3,3287063.5,1776.4
T,29.71329696,80.66678706,44R,467770.3,3287063.5,1776.4
T,29.71329696,80.66678706,44R,467770.3,3287063.5,1776.4
T,29.71329696,80.66678706,44R,467770.3,3287063.5,1776.4
T,29.71329696,80.66678706,44R,467770.3,3287063.5,1776.4
T,29.71329696,80.66678706,44R,467770.3,3287063.5,1776.4
T,29.71329696,80.66678706,44R,467770.3,3287063.5,1776.4
T,29.71329696,80.66678706,44R,467770.3,3287063.5,1776.4
T,29.71329696,80.66678706,44R,467770.3,3287063.5,1776.4
T,29.71329696,80.66678706,44R,467770.3,3287063.5,1776.4
T,29.71329696,80.66678706,44R,467770.3,3287063.5,1776.4
T,29.71329696,80.66678706,44R,467770.3,3287063.5,1776.4
T,29.71329696,80.66678706,44R,467770.3,3287063.5,1776.4
T,29.71329696,80.66678706,44R,467770.3,3287063.5,1776.4
T,29.71329696,80.66678706,44R,467770.3,3287063.5,1776.4
T,29.71329696,80.66678706,44R,467770.3,3287063.5,1776.4
T,29.71329696,80.66678706,44R,467770.3,3287063.5,1776.4
T,29.71329696,80.66678706,44R,467770.3,3287063.5,1776.4
T,29.71329696,80.66678706,44R,467770.3,3287063.5,1776.4
T,29.71329696,80.66678706,44R,467770.3,3287063.5,1776.4
T,29.71329696,80.66678706,44R,467770.3,3287063.5,1776.4
T,29.71329696,80.66678706,44R,467770.3,3287063.5,1776.4
T,29.71329696,80.66678706,44R,467770.3,3287063.5,1776.4
T,29.71329696,80.66678706,44R,467770.3,3287063.5,1776.4
T,29.71329696,80.66678706,44R,467770.3,3287063.5,1776.4
T,29.71329696,80.66678706,44R,467770.3,3287063.5,1776.4
T,29.71329696,80.66678706,44R,467770.3,3287063.5,1776.4
T,29.71329696,80.66678706,44R,467770.3,3287063.5,1776.4
T,29.71329696,80.66678706,44R,467770.3,3287063.5,1776.4
T,29.71329696,80.66678706,44R,467770.3,3287063.5,1776.4
T,29.71329696,80.66678706,44R,467770.3,3287063.5,1776.4
T,29.71329696,80.66678706,44R,467770.3,3287063.5,1776.4
T,29.71329696,80.66678706,44R,467770.3,3287063.5,1776.4
T,29.71329696,80.66678706,44R,467770.3,3287063.5,1776.4
T,29.71329696,80.66678706,44R,467770.3,3287063.5,1776.4
T,29.71329696,80.66678706,44R,467770.3,3287063.5,1776.4
T,29.71329696,80.66678706,44R,467770.3,3287063.5,1776.4
T,29.71329696,80.66678706,44R,467770.3,3287063.5,1776.4
T,29.71329696,80.66678706,44R,467770.3,3287063.5,1776.4
T,29.71329696,80.66678706,44R,467770.3,3287063.5,1776.4
T,29.71329696,80.66678706,44R,467770.3,3287063.5,1776.4
T,29.71329696,80.66678706,44R,467770.3,3287063.5,1776.4
T,29.71329696,80.66678706,44R,467770.3,3287063.5,1776.4
T,29.71329696,80.66678706,44R,467770.3,3287063.5,1776.4
T,29.71329696,80.66678706,44R,467770.3,3287063.5,1776.4
T,29.71329696,80.66678706,44R,467770.3,3287063.5,1776.4
T,29.71329696,80.66678706,44R,467770.3,3287063.5,1776.4
T,29.71388483,78.74457883,44R,281819.7,3289211.4,597.8
T,29.71606803,80.02211446,44R,405415.5,3287724.2,2225.9
T,29.71712334,78.77818696,44R,285078.5,3289507.4,671.6
T,29.7171446,78.79488664,44R,286694.4,3289478.8,701.5
T,29.7171446,78.79488664,44R,286694.4,3289478.8,701.5
T,29.7171446,78.79488664,44R,286694.4,3289478.8,701.5
T,29.7171446,78.79488664,44R,286694.4,3289478.8,701.5
T,29.7171446,78.79488664,44R,286694.4,3289478.8,701.5
T,29.7171446,78.79488664,44R,286694.4,3289478.8,701.5
T,29.7171446,78.79488664,44R,286694.4,3289478.8,701.5
T,29.7171446,78.79488664,44R,286694.4,3289478.8,701.5
T,29.7171446,78.79488664,44R,286694.4,3289478.8,701.5
T,29.7171446,78.79488664,44R,286694.4,3289478.8,701.5
T,29.7171446,78.79488664,44R,286694.4,3289478.8,701.5
T,29.7171446,78.79488664,44R,286694.4,3289478.8,701.5
T,29.7171446,78.79488664,44R,286694.4,3289478.8,701.5
T,29.7171446,78.79488664,44R,286694.4,3289478.8,701.5
T,29.7171446,78.79488664,44R,286694.4,3289478.8,701.5
T,29.7171446,78.79488664,44R,286694.4,3289478.8,701.5
T,29.7171446,78.79488664,44R,286694.4,3289478.8,701.5
T,29.7171446,78.79488664,44R,286694.4,3289478.8,701.5
T,29.7171446,78.79488664,44R,286694.4,3289478.8,701.5
T,29.7171446,78.79488664,44R,286694.4,3289478.8,701.5
T,29.7171446,78.79488664,44R,286694.4,3289478.8,701.5
T,29.7171446,78.79488664,44R,286694.4,3289478.8,701.5
T,29.7171446,78.79488664,44R,286694.4,3289478.8,701.5
T,29.7171446,78.79488664,44R,286694.4,3289478.8,701.5
T,29.7171446,78.79488664,44R,286694.4,3289478.8,701.5
T,29.7171446,78.79488664,44R,286694.4,3289478.8,701.5
T,29.7171446,78.79488664,44R,286694.4,3289478.8,701.5
T,29.7171446,78.79488664,44R,286694.4,3289478.8,701.5
T,29.7171446,78.79488664,44R,286694.4,3289478.8,701.5
T,29.7171446,78.79488664,44R,286694.4,3289478.8,701.5
T,29.7171446,78.79488664,44R,286694.4,3289478.8,701.5
T,29.7171446,78.79488664,44R,286694.4,3289478.8,701.5
T,29.7171446,78.79488664,44R,286694.4,3289478.8,701.5
T,29.7171446,78.79488664,44R,286694.4,3289478.8,701.5
T,29.7171446,78.79488664,44R,286694.4,3289478.8,701.5
T,29.7171446,78.79488664,44R,286694.4,3289478.8,701.5
T,29.7171446,78.79488664,44R,286694.4,3289478.8,701.5
T,29.7171446,78.79488664,44R,286694.4,3289478.8,701.5
T,29.7171446,78.79488664,44R,286694.4,3289478.8,701.5
T,29.7171446,78.79488664,44R,286694.4,3289478.8,701.5
T,29.7171446,78.79488664,44R,286694.4,3289478.8,701.5
T,29.7171446,78.79488664,44R,286694.4,3289478.8,701.5
T,29.7171446,78.79488664,44R,286694.4,3289478.8,701.5
T,29.7171446,78.79488664,44R,286694.4,3289478.8,701.5
T,29.7171446,78.79488664,44R,286694.4,3289478.8,701.5
T,29.71732406,78.82170065,44R,289289.2,3289449.4,1007.7
T,29.71767536,79.30235785,44R,335792.6,3288708.3,1047.2
T,29.71782704,80.0991084,44R,412864.5,3287858.6,1188.2
T,29.71792238,78.42609827,44R,251011.2,3290303.2,338
T,29.71877257,80.69022753,44R,470039.2,3287663.9,1075
T,29.71908467,78.6006142,44R,267901.1,3290068.5,482.6
T,29.71937422,78.65423628,44R,273090.2,3289994,515.6
T,29.72035973,78.83847196,44R,290918.2,3289755.4,816.9
T,29.72043099,78.84852598,44R,291891.1,3289745.2,881.4
T,29.72139033,79.00913886,44R,307432.1,3289572.9,1275.3
T,29.72321268,78.34887107,44R,243551.3,3291058.7,300.9
T,29.7235076,78.87199075,44R,294167.6,3290044.1,1185.5
T,29.72359858,78.88538872,44R,295464,3290030.4,929.8
T,29.72367843,78.41269042,44R,249728,3290970.3,339
T,29.72368804,78.89878395,44R,296760.2,3290016.7,1104.2
T,29.72378813,78.91218254,44R,298056.7,3290004.3,1129.8
T,29.72393837,78.9289404,44R,299678.2,3289991.7,1412.5
T,29.72688049,80.07577344,44R,410615.4,3288879.6,1310.7
T,29.72690656,78.94565806,44R,301301.4,3290291.9,1539.7
T,29.7273681,80.70032925,44R,471018.7,3288613.7,1549
T,29.72934514,79.29908949,44R,335495.4,3290006.3,1145.7
T,29.72943343,78.39928063,44R,248444.8,3291637.4,328.2
T,29.72989054,78.95904711,44R,302602.6,3290599.6,1314.4
T,29.73079706,80.66693974,44R,467790.7,3289002.5,1727.9
T,29.73287268,78.97243394,44R,303903.4,3290907.4,1491.5
T,29.73383035,78.60079718,44R,267952.7,3291702.7,745.8
T,29.73591656,78.99918679,44R,306497.2,3291199.6,1279.5
T,29.73641288,80.01898489,44R,405131.9,3289981.2,1893.9
T,29.73711477,78.66449781,44R,274122.9,3291940.4,947.4
T,29.73781026,78.34889053,44R,243590.4,3292677,317.1
T,29.73877778,80.05581955,44R,408696.3,3290213.6,1381.6
T,29.73890808,79.01590761,44R,308120.3,3291503.3,1624.8
T,29.73898185,80.70377395,44R,471355.1,3289899.7,2215.4
T,29.74104321,78.38922932,44R,247501.3,3292946.5,335
T,29.74106864,79.79577724,44R,383550.8,3290701.4,1789.6
T,29.74189701,79.03262496,44R,309743,3291806.9,1419.7
T,29.74195521,79.0459845,44R,311035.3,3291791.4,1481.1
T,29.74205403,79.06935771,44R,313296.3,3291764.3,1195.1
T,29.74236181,80.24616616,44R,427106.3,3290475.4,1972.7
T,29.74467477,79.00257147,44R,306841.4,3292164.7,1503.8
T,29.74472415,80.04584311,44R,407737,3290880.4,1447.4
T,29.74491908,79.15935221,44R,322005.9,3291939.7,1611.6
T,29.74502129,79.08272538,44R,314594.7,3292071.6,1422.2
T,29.74502184,79.14271765,44R,320397.2,3291976.8,1683.1
T,29.74505639,79.12939718,44R,319108.9,3292001.5,1343.4
T,29.74507427,79.09607576,44R,315886.1,3292056.1,1605.8
T,29.74507612,79.11607277,44R,317820.2,3292024.6,1532.5
T,29.74537719,80.6670673,44R,467807.7,3290618,1425.9
T,29.74602108,78.67800008,44R,275449,3292901.3,829.4
T,29.74624615,79.48246102,44R,353257.2,3291632.3,1237.7
T,29.74631408,79.4691333,44R,351968.4,3291656.8,1347.5
T,29.74639577,79.45247318,44R,350357.3,3291687.3,1301.5
T,29.74648375,79.42582007,44R,347779.8,3291731.9,1473.2
T,29.74656609,79.39916449,44R,345202,3291776.5,1197.2
T,29.74663412,79.37583901,44R,342946.3,3291815.6,1114.6
T,29.74667097,79.3625094,44R,341657.2,3291837.8,1228.7
T,29.74671527,79.3458465,44R,340045.8,3291865.7,997.3
T,29.74675772,79.32918261,44R,338434.2,3291893.6,1258.7
T,29.74681826,79.31252027,44R,336822.9,3291923.8,1412.4
T,29.74690892,79.2991945,44R,335534.2,3291952.8,1258
T,29.74699799,79.28587013,44R,334245.7,3291981.7,1202.1
T,29.7470892,79.27254749,44R,332957.4,3292011,949.3
T,29.74725246,79.24923751,44R,330703.3,3292063.1,834.1
T,29.74734391,79.2359196,44R,329415.4,3292092.8,1058.1
T,29.7474565,79.21927432,44R,327805.8,3292130,1109.5
T,29.74756671,79.20263148,44R,326196.3,3292167.2,1612.6
T,29.74769642,79.18266323,44R,324265.3,3292211.8,1728.8
T,29.74769642,79.18266323,44R,324265.3,3292211.8,1728.8
T,29.74769642,79.18266323,44R,324265.3,3292211.8,1728.8
T,29.74769642,79.18266323,44R,324265.3,3292211.8,1728.8
T,29.74769642,79.18266323,44R,324265.3,3292211.8,1728.8
T,29.74908999,79.49580555,44R,354551.8,3291930.5,1384.8
T,29.7496997,78.37580359,44R,246224.2,3293935.6,334.8
T,29.75071702,80.0325211,44R,406454.3,3291555.2,1470.8
T,29.75095693,80.01579313,44R,404837,3291595.5,1397.9
T,29.75151447,78.60101675,44R,268014.7,3293662.6,742.8
T,29.75356063,80.70390237,44R,471371.7,3291515.1,2219.1
T,29.75480289,79.51916179,44R,356818.6,3292534.4,1427.6
T,29.75529956,78.34555524,44R,243312.3,3294623.4,320
T,29.75778403,78.68812952,44R,276455,3294185.6,923.5
T,29.75955891,80.02257627,44R,405501,3292543.1,1269.5
T,29.76052732,79.53918673,44R,358763.1,3293144.2,1881.7
T,29.76124957,78.35901997,44R,244629.9,3295253.1,330
T,29.7628687,80.66721984,44R,467828,3292556.1,1283.4
T,29.76328687,79.5691882,44R,361667.8,3293413.6,1882.2
T,29.76446437,79.29929963,44R,335573.1,3293898.3,1194.3
T,29.76545206,80.01594623,44R,404865.5,3293201.6,1595.1
T,29.76649408,78.70147423,44R,277764.9,3295125.3,641.9
T,29.76695434,78.34221592,44R,243019,3295922.9,314.1
T,29.76695434,78.34221592,44R,243019,3295922.9,314.1
T,29.76695434,78.34221592,44R,243019,3295922.9,314.1
T,29.76695434,78.34221592,44R,243019,3295922.9,314.1
T,29.76695434,78.34221592,44R,243019,3295922.9,314.1
T,29.76695434,78.34221592,44R,243019,3295922.9,314.1
T,29.76695434,78.34221592,44R,243019,3295922.9,314.1
T,29.76695434,78.34221592,44R,243019,3295922.9,314.1
T,29.76695434,78.34221592,44R,243019,3295922.9,314.1
T,29.76695434,78.34221592,44R,243019,3295922.9,314.1
T,29.76695434,78.34221592,44R,243019,3295922.9,314.1
T,29.76695434,78.34221592,44R,243019,3295922.9,314.1
T,29.76695434,78.34221592,44R,243019,3295922.9,314.1
T,29.76695434,78.34221592,44R,243019,3295922.9,314.1
T,29.76695434,78.34221592,44R,243019,3295922.9,314.1
T,29.76695434,78.34221592,44R,243019,3295922.9,314.1
T,29.76695434,78.34221592,44R,243019,3295922.9,314.1
T,29.76695434,78.34221592,44R,243019,3295922.9,314.1
T,29.76695434,78.34221592,44R,243019,3295922.9,314.1
T,29.76695434,78.34221592,44R,243019,3295922.9,314.1
T,29.76695434,78.34221592,44R,243019,3295922.9,314.1
T,29.76695434,78.34221592,44R,243019,3295922.9,314.1
T,29.76695434,78.34221592,44R,243019,3295922.9,314.1
T,29.76695434,78.34221592,44R,243019,3295922.9,314.1
T,29.76695434,78.34221592,44R,243019,3295922.9,314.1
T,29.76695434,78.34221592,44R,243019,3295922.9,314.1
T,29.76695434,78.34221592,44R,243019,3295922.9,314.1
T,29.76695434,78.34221592,44R,243019,3295922.9,314.1
T,29.76695434,78.34221592,44R,243019,3295922.9,314.1
T,29.76695434,78.34221592,44R,243019,3295922.9,314.1
T,29.76695434,78.34221592,44R,243019,3295922.9,314.1
T,29.76695434,78.34221592,44R,243019,3295922.9,314.1
T,29.76695434,78.34221592,44R,243019,3295922.9,314.1
T,29.76695434,78.34221592,44R,243019,3295922.9,314.1
T,29.76695434,78.34221592,44R,243019,3295922.9,314.1
T,29.76695434,78.34221592,44R,243019,3295922.9,314.1
T,29.76695434,78.34221592,44R,243019,3295922.9,314.1
T,29.76695434,78.34221592,44R,243019,3295922.9,314.1
T,29.76695434,78.34221592,44R,243019,3295922.9,314.1
T,29.76695434,78.34221592,44R,243019,3295922.9,314.1
T,29.76695434,78.34221592,44R,243019,3295922.9,314.1
T,29.76695434,78.34221592,44R,243019,3295922.9,314.1
T,29.76695434,78.34221592,44R,243019,3295922.9,314.1
T,29.76695434,78.34221592,44R,243019,3295922.9,314.1
T,29.76695434,78.34221592,44R,243019,3295922.9,314.1
T,29.76695434,78.34221592,44R,243019,3295922.9,314.1
T,29.76695434,78.34221592,44R,243019,3295922.9,314.1
T,29.76695434,78.34221592,44R,243019,3295922.9,314.1
T,29.76695434,78.34221592,44R,243019,3295922.9,314.1
T,29.76695434,78.34221592,44R,243019,3295922.9,314.1
T,29.76695434,78.34221592,44R,243019,3295922.9,314.1
T,29.76695434,78.34221592,44R,243019,3295922.9,314.1
T,29.76695434,78.34221592,44R,243019,3295922.9,314.1
T,29.76695434,78.34221592,44R,243019,3295922.9,314.1
T,29.76695434,78.34221592,44R,243019,3295922.9,314.1
T,29.76695434,78.34221592,44R,243019,3295922.9,314.1
T,29.76695434,78.34221592,44R,243019,3295922.9,314.1
T,29.76695434,78.34221592,44R,243019,3295922.9,314.1
T,29.76695434,78.34221592,44R,243019,3295922.9,314.1
T,29.76695434,78.34221592,44R,243019,3295922.9,314.1
T,29.76695434,78.34221592,44R,243019,3295922.9,314.1
T,29.76695434,78.34221592,44R,243019,3295922.9,314.1
T,29.76695434,78.34221592,44R,243019,3295922.9,314.1
T,29.76695434,78.34221592,44R,243019,3295922.9,314.1
T,29.76695434,78.34221592,44R,243019,3295922.9,314.1
T,29.76695434,78.34221592,44R,243019,3295922.9,314.1
T,29.76695434,78.34221592,44R,243019,3295922.9,314.1
T,29.76695434,78.34221592,44R,243019,3295922.9,314.1
T,29.76695434,78.34221592,44R,243019,3295922.9,314.1
T,29.76695434,78.34221592,44R,243019,3295922.9,314.1
T,29.76695434,78.34221592,44R,243019,3295922.9,314.1
T,29.76695434,78.34221592,44R,243019,3295922.9,314.1
T,29.76695434,78.34221592,44R,243019,3295922.9,314.1
T,29.76695434,78.34221592,44R,243019,3295922.9,314.1
T,29.76695434,78.34221592,44R,243019,3295922.9,314.1
T,29.76695434,78.34221592,44R,243019,3295922.9,314.1
T,29.76695434,78.34221592,44R,243019,3295922.9,314.1
T,29.76695434,78.34221592,44R,243019,3295922.9,314.1
T,29.76695434,78.34221592,44R,243019,3295922.9,314.1
T,29.76695434,78.34221592,44R,243019,3295922.9,314.1
T,29.76695434,78.34221592,44R,243019,3295922.9,314.1
T,29.76695434,78.34221592,44R,243019,3295922.9,314.1
T,29.76695434,78.34221592,44R,243019,3295922.9,314.1
T,29.76695434,78.34221592,44R,243019,3295922.9,314.1
T,29.76695434,78.34221592,44R,243019,3295922.9,314.1
T,29.76695434,78.34221592,44R,243019,3295922.9,314.1
T,29.76695434,78.34221592,44R,243019,3295922.9,314.1
T,29.76695434,78.34221592,44R,243019,3295922.9,314.1
T,29.76695434,78.34221592,44R,243019,3295922.9,314.1
T,29.76695434,78.34221592,44R,243019,3295922.9,314.1
T,29.76695434,78.34221592,44R,243019,3295922.9,314.1
T,29.76695434,78.34221592,44R,243019,3295922.9,314.1
T,29.76695434,78.34221592,44R,243019,3295922.9,314.1
T,29.76695434,78.34221592,44R,243019,3295922.9,314.1
T,29.76695434,78.34221592,44R,243019,3295922.9,314.1
T,29.76695434,78.34221592,44R,243019,3295922.9,314.1
T,29.76695434,78.34221592,44R,243019,3295922.9,314.1
T,29.76695434,78.34221592,44R,243019,3295922.9,314.1
T,29.76695434,78.34221592,44R,243019,3295922.9,314.1
T,29.76695434,78.34221592,44R,243019,3295922.9,314.1
T,29.76695434,78.34221592,44R,243019,3295922.9,314.1
T,29.76695434,78.34221592,44R,243019,3295922.9,314.1
T,29.76695434,78.34221592,44R,243019,3295922.9,314.1
T,29.76695434,78.34221592,44R,243019,3295922.9,314.1
T,29.76695434,78.34221592,44R,243019,3295922.9,314.1
T,29.76695434,78.34221592,44R,243019,3295922.9,314.1
T,29.76695434,78.34221592,44R,243019,3295922.9,314.1
T,29.76695434,78.34221592,44R,243019,3295922.9,314.1
T,29.76695434,78.34221592,44R,243019,3295922.9,314.1
T,29.76695434,78.34221592,44R,243019,3295922.9,314.1
T,29.76695434,78.34221592,44R,243019,3295922.9,314.1
T,29.76695434,78.34221592,44R,243019,3295922.9,314.1
T,29.76695434,78.34221592,44R,243019,3295922.9,314.1
T,29.76695434,78.34221592,44R,243019,3295922.9,314.1
T,29.76695434,78.34221592,44R,243019,3295922.9,314.1
T,29.76695434,78.34221592,44R,243019,3295922.9,314.1
T,29.76695434,78.34221592,44R,243019,3295922.9,314.1
T,29.76695434,78.34221592,44R,243019,3295922.9,314.1
T,29.76695434,78.34221592,44R,243019,3295922.9,314.1
T,29.76695434,78.34221592,44R,243019,3295922.9,314.1
T,29.76695434,78.34221592,44R,243019,3295922.9,314.1
T,29.76695434,78.34221592,44R,243019,3295922.9,314.1
T,29.76695434,78.34221592,44R,243019,3295922.9,314.1
T,29.76695434,78.34221592,44R,243019,3295922.9,314.1
T,29.76695434,78.34221592,44R,243019,3295922.9,314.1
T,29.76695434,78.34221592,44R,243019,3295922.9,314.1
T,29.76695434,78.34221592,44R,243019,3295922.9,314.1
T,29.76695434,78.34221592,44R,243019,3295922.9,314.1
T,29.76695434,78.34221592,44R,243019,3295922.9,314.1
T,29.76695434,78.34221592,44R,243019,3295922.9,314.1
T,29.76695434,78.34221592,44R,243019,3295922.9,314.1
T,29.76695434,78.34221592,44R,243019,3295922.9,314.1
T,29.76695434,78.34221592,44R,243019,3295922.9,314.1
T,29.76695434,78.34221592,44R,243019,3295922.9,314.1
T,29.76695434,78.34221592,44R,243019,3295922.9,314.1
T,29.76695434,78.34221592,44R,243019,3295922.9,314.1
T,29.76695434,78.34221592,44R,243019,3295922.9,314.1
T,29.76695434,78.34221592,44R,243019,3295922.9,314.1
T,29.76695434,78.34221592,44R,243019,3295922.9,314.1
T,29.76695434,78.34221592,44R,243019,3295922.9,314.1
T,29.76695434,78.34221592,44R,243019,3295922.9,314.1
T,29.76695434,78.34221592,44R,243019,3295922.9,314.1
T,29.76695434,78.34221592,44R,243019,3295922.9,314.1
T,29.76695434,78.34221592,44R,243019,3295922.9,314.1
T,29.76695434,78.34221592,44R,243019,3295922.9,314.1
T,29.76695434,78.34221592,44R,243019,3295922.9,314.1
T,29.76695434,78.34221592,44R,243019,3295922.9,314.1
T,29.76695434,78.34221592,44R,243019,3295922.9,314.1
T,29.76695434,78.34221592,44R,243019,3295922.9,314.1
T,29.76695434,78.34221592,44R,243019,3295922.9,314.1
T,29.76695434,78.34221592,44R,243019,3295922.9,314.1
T,29.76695434,78.34221592,44R,243019,3295922.9,314.1
T,29.76695434,78.34221592,44R,243019,3295922.9,314.1
T,29.76695434,78.34221592,44R,243019,3295922.9,314.1
T,29.76695434,78.34221592,44R,243019,3295922.9,314.1
T,29.76695434,78.34221592,44R,243019,3295922.9,314.1
T,29.76798209,79.00268672,44R,306897.2,3294747.8,1594
T,29.76813623,80.70403114,44R,471388.3,3293130.1,1929.4
T,29.76894933,79.5992071,44R,364578,3294005.5,1585.2
T,29.77153254,79.99593525,44R,402936.7,3293892.1,1595.3
T,29.77163725,79.63587578,44R,368126.8,3294260.9,1632
T,29.77211323,78.59792216,44R,267762.9,3295952.3,992.4
T,29.77279735,78.34223209,44R,243035.5,3296570.7,315.2
T,29.77440293,79.65256589,44R,369744,3294548.5,1672.8
T,29.7748084,80.24272051,44R,426796.7,3294073,2022.6
T,29.77481416,80.66362978,44R,467484.8,3293880.8,1849.1
T,29.77644772,79.74930622,44R,379099.1,3294669.7,1671.8
T,29.77665406,79.72595849,44R,376842.2,3294717.3,1760.6
T,29.77665406,79.72595849,44R,376842.2,3294717.3,1760.6
T,29.77692835,79.69593832,44R,373940.4,3294780.1,1908.9
T,29.77704748,80.01606886,44R,404888.3,3294486.4,1592.2
T,29.77713719,79.67259271,44R,371683.7,3294829,1812.2
T,29.77719269,80.69384371,44R,470406.1,3294136.2,2489.5
T,29.7775159,79.98261603,44R,401654.9,3294566.4,1331.3
T,29.77872807,79.81937613,44R,385875.7,3294851.1,1024.4
T,29.77886103,79.80602689,44R,384585.3,3294879.1,1113.2
T,29.77901161,79.78934821,44R,382973.2,3294912.6,1416
T,29.77908832,79.29938706,44R,335605.4,3295518.9,1234.2
T,29.77915823,79.77267107,44R,381361.1,3294945.9,1518.9
T,29.78094409,78.59803207,44R,267793.9,3296931,923
T,29.78101337,79.88280544,44R,392009.9,3295043.2,1431
T,29.78104879,78.70818191,44R,278445.7,3296725.8,806.1
